text,stars,sentiment_weak_label,app,date,source
جيد,5,positive,Careem,2026-03-14 12:47:39,google_play
طلبت سيارة واجت ولما قربنا نوصل الموقع وقف الكابتن على اليمين وقلي وصلت وانا محدد الموقع في الجهة الثانية من الطريق المفروض ياخذ يوتيرن وينزلني ولكن رفض عشان في ناس واقفين في الطريق وبدهم تكسي قدم شكوى ولكن للأسف مافي فائدة,1,negative,Careem,2026-03-14 07:59:34,google_play
Good,5,positive,Careem,2026-03-14 06:41:45,google_play
يحي المغيدي,5,positive,Careem,2026-03-14 04:51:33,google_play
مشاء الله,5,positive,Careem,2026-03-14 01:32:45,google_play
كنت حاجزه قبل كده ولكن لم يتم مجيء السواق في الميعاد المحدد ولم يتم الاتصال بي وكانت المواصله ب7 درهم وأصبحت كغرامه 13 درهم ودفعتهم بعدها حاولت اكتر من مره حجز عن طريق الابلكيشين لكن في كل مره يبعت تم الرفض,5,positive,Careem,2026-03-13 22:03:57,google_play
تطبيق مفيد جدا للرحلات,5,positive,Careem,2026-03-13 14:58:15,google_play
تطبيق ممتاز بس لو تنزلو خصومات للمستخدمين باستمرار,4,positive,Careem,2026-03-13 01:15:15,google_play
للأسف أصبح تطبيق سيئ جدا وخدمة العملاء اسوء شيئ فيه من انحدار لأنحدار اسوء تطبيق موجود لطلب الطعام فاااااشل,1,negative,Careem,2026-03-12 23:55:57,google_play
لا يتم أخذ الشكوى بعين الاعتبار ويتم الاعتماد على السائق حتى لو اخذ مبلغ اجره إضافي أكثر من اجره التطبيق وادخل إلى البرنامج مبلغ اخر وبعد تقديم شكوى قالوا أيمكن اعاده المبلغ الاضافي لايوجد مصداقيه,1,negative,Careem,2026-03-12 17:25:11,google_play
تطبيق معقد ياليت يتم تبسيطه ليتمكن اي شخص باستعماله,1,negative,Careem,2026-03-12 16:43:09,google_play
حقيقة تجربه رائعه ومحترمه من التطبيق مواعيد مضبوطه واسعار مناسبه ، شكرا لكم سؤال هل التخفيض على الأسعار 50% يشمل 5 مشاوير فقط ام التخفيض مستمر ، مع التقدير,5,positive,Careem,2026-03-12 14:25:04,google_play
طبعاً اشكر شركة كريم على هذا التطبيق الرائع الذي جعلني اتنقل بسهولة ولكن توجد مشكلة واحدة وهيه انا لايوجد لي قائمة بالطعام يعني لااستطيع طلب الطعام لان لايوجد هذه الخاصية فقط مشاوير..,4,positive,Careem,2026-03-12 07:44:57,google_play
👍,5,positive,Careem,2026-03-12 04:12:49,google_play
فاشل,1,negative,Careem,2026-03-12 03:52:00,google_play
غالي ريالين كل دقيقه كثير!,1,negative,Careem,2026-03-12 00:19:40,google_play
للاسف تطبيق ما عليه امان تكون مشترك كريم بلص والك مصاري بالمحفظه فجأة كريم بعملك بلوك ويروح عليك اشتراك كريم بلص ومصاري المحفظه تطبيق يأخذ مصاري بحجه بلوك وما بحلو مشكلتك ومصاريك اخذوها,1,negative,Careem,2026-03-11 23:46:22,google_play
ممتاز,5,positive,Careem,2026-03-11 20:54:20,google_play
سيء كل ما احاول افتح حسابي بحكي يرجى الاتصال بنا,1,negative,Careem,2026-03-11 10:52:19,google_play
واجهت مرتين مشاكل ويا الكباتن علمود الدفع و اتصل بالدعم و مسوو كلشي معاملة سيئة جدا و خدمة بعد اسوء افشل تطبيق شفته حرامات بس سيط,1,negative,Careem,2026-03-10 22:33:09,google_play
مفيش كباتن بيضيع وقتنا والآخر محدش بييجي,1,negative,Careem,2026-03-10 19:19:19,google_play
التطبيق جيد ...لكن لما يكون في رصيد بالمحفظة فجأة يتسجل عليك مشوار انت مارحته ويسحبوا منك الفلوس,4,positive,Careem,2026-03-10 19:00:15,google_play
في البداية عند طلب الطعام كان هناك خصومات وعروض تحفز التعامل ومع مرور الوقت اختفت للاسف ولذلك ارجو البقاء على راحة العملاء كما عهدناكم وعندم التراجع ومن أجل ذلك لم اضع خمسة نجوم ، ارضاء العميل وثقته بكم تمنحكم خمسة نجوم والقرار لكم. للاسف سرعة في التراجع في الخدمات مع اعلانات خصم وتوصيل جميعها وهمية تراجع مستمر للاسف التراجع هدية كريم في عيد الفطر للاسف وكول سنتر لا يجيب ٣/٤/٢٠٢٤ اشد الندم مرة اخرى لاستخدامي التطبيق للاسف. تم خصم اشتراك 3 دنانير وللاسف بيتزا القيصر غير موجود,1,negative,Careem,2026-03-10 17:39:10,google_play
بجنن,5,positive,Careem,2026-03-10 17:35:25,google_play
التطبيق ممتاز ولاكن السواق متحرشين ارجو ان توضفون الناس المحترمين او الذين يمتلكون ٥ نجوم فقط,1,negative,Careem,2026-03-10 14:44:48,google_play
بصراحه كنت بحبو جدا جدا والناس كانت محترمه بس ف مره السواق هو اللى لغى الرحله وخلانى ف الشارع وقت طويل جدا وكمان حط فلوس عليا ومش عارفه اتعامل مع اللابلكيش بقالى سنه,1,negative,Careem,2026-03-10 14:39:46,google_play
فاشلة الصبح من اطلب مايلتزمون بالكروة ياخذون اكثر على الرغم جان عندي تخفيض بالسعر، ياريت الشركة تهتم بالسيارت الصبح,1,negative,Careem,2026-03-10 12:53:33,google_play
الاسعار غاليه بالتطبيق,1,negative,Careem,2026-03-10 09:04:22,google_play
سييييء,1,negative,Careem,2026-03-10 07:17:09,google_play
هو البرنامج كريم واوبر رخيص في السعر ولا غالي ارجو الرد,5,positive,Careem,2026-03-10 01:24:25,google_play
سي جدا مره مو حلوه ويتأخرر لين يجي!! 🙄😡,1,negative,Careem,2026-03-10 01:08:00,google_play
انا بحب ت كريم,5,positive,Careem,2026-03-10 00:58:21,google_play
ممتازة,5,positive,Careem,2026-03-09 22:34:35,google_play
رجاءا حلوا مشكلة طلب التكسي عن طريق الواتس اب يعني لما اريد اروح لمكان واطلب من الشخص عنوان حتى ارسل للكابتن يكتب كريم لٱ يعمل هنا التطبيق صار جدا سيئ المفروض من دمجوا اوبر مع كريم يتطور للاحسن لَـگِنْ العكس الي صار الطلب صعب والخريطة سيئة حتى الكابتن نفسه يعاني,1,negative,Careem,2026-03-09 17:00:17,google_play
الحمد لله,5,positive,Careem,2026-03-09 12:33:36,google_play
اكثر من نصف ساعة لايجاد سائق وبعدها يلغي.,1,negative,Careem,2026-03-09 02:22:40,google_play
تطبيق فاشل للغاية لانصح به,1,negative,Careem,2026-03-08 17:55:22,google_play
اسوء حاجة,1,negative,Careem,2026-03-08 12:46:14,google_play
أواجه مشكلة في حجز الرحلات وكلما حجزت رحلة تظهر رسالة فشل حجز الرحلة ولم يتم حلها حتى هذا الوقت,1,negative,Careem,2026-03-08 12:32:34,google_play
لايمكن استرجاع الرصيد ؛ وعند الرغبة في استخدامة لطلبات المطاعم يكون الرد المنطقة غير مغطاة بالخدمة !!!!!,1,negative,Careem,2026-03-08 03:03:28,google_play
ممتاز جدا جدا جدا جدا,5,positive,Careem,2026-03-07 14:14:10,google_play
عموما حذفت التطبيق راسلوني الدعم بعدحاظريني من تطبيق ردوعلي,1,negative,Careem,2026-03-07 07:37:27,google_play
سيئ في نصب على الكباتن حرام,1,negative,Careem,2026-03-06 23:00:36,google_play
افضل تطبيق,5,positive,Careem,2026-03-06 14:56:30,google_play
اول تجربه لي وكانت ممتااازه,5,positive,Careem,2026-03-05 14:38:22,google_play
عدم اهتمام التطبيق بل عملاء وتقديم مصلحه الكابتن على العميل,1,negative,Careem,2026-03-05 12:12:19,google_play
رائع جدا لكن يجب تمديد فترة الخصومات اكثر من المعتاد,5,positive,Careem,2026-03-05 05:11:36,google_play
خدمات السحب غير متوفرة مؤقتا حتى... كل مايوصل الوقت للتاريخ المحدد يجددونه بدون سبب حجزو جميع الأموال لن احتفض بسنت واحد عندكم لن اثق بكم مجدداً,1,negative,Careem,2026-03-05 01:48:07,google_play
كل ما اطلب يقولي كريم لايغطي المنطقه مصري الجديده مدينه نصر عباسيه كل مكان كريم لا يغطي هذه المنطقه,1,negative,Careem,2026-03-04 23:52:33,google_play
البرنمج لا يعمل,5,positive,Careem,2026-03-04 10:22:40,google_play
للأسف تجربه سيئه الكابتن عبد الله العبد ما اكتفى بأنه ما وصلني لغى الطلب من عنده 🔴 رنيتله اسئله انا منزله الابليكايشن عن جديد ومو عارفه ازا وصلت اولا سكر بوجهي ولغى الطلب,1,negative,Careem,2026-03-03 16:10:59,google_play
متعبه جدا من خلال خدمة العملاء,1,negative,Careem,2026-03-02 22:25:05,google_play
التطبيق ركاب موقف عنا ممكن اعرف شو الأسباب ؟؟؟؟,5,positive,Careem,2026-03-02 21:51:42,google_play
تطبيق كريم ةفى بورسعيد عربيات فقط,1,negative,Careem,2026-03-02 21:43:19,google_play
عشق,5,positive,Careem,2026-03-02 19:13:12,google_play
متنطون السائق حقه في الدفع الالكتروني و التطبيق بي مشاكل و شكد يشتكون و متتصلح👎🏻,1,negative,Careem,2026-03-02 17:03:23,google_play
تطبيق معقد ولا يعمل زفت,1,negative,Careem,2026-03-02 13:57:09,google_play
البرنامج يوم عن يوم يسوء اكثر. حاليا اطلب تكسي كريم لا يظهر الكابتن على خريطه بعد موافقته حجز الرحله,1,negative,Careem,2026-03-02 12:00:02,google_play
لا يعجبني,1,negative,Careem,2026-03-02 01:30:15,google_play
زبالة,1,negative,Careem,2026-03-01 22:54:21,google_play
السعر بالتطبيق شيء والكابتين ياخذ شيء ثاني حتى لو الفرق ريال,3,neutral,Careem,2026-03-01 20:44:17,google_play
ماشاء الله تبارك الرحمن الرحيم,5,positive,Careem,2026-03-01 20:16:17,google_play
مو شغال في المفرق,1,negative,Careem,2026-03-01 10:37:24,google_play
استخدم التطبيق يوميا ومع ذلك لا يتم كود خصم . المفروض التمييز بين من يستخدم التطبيق بكثره ومن يستخدمه لمشوار,3,neutral,Careem,2026-02-28 19:27:59,google_play
يسلم ايديك يا كريم انت كثير شاطر يسلم ايديك يا كريم انت كثير شاطر,1,negative,Careem,2026-02-28 16:07:42,google_play
غالي و اسعار مبالغه,1,negative,Careem,2026-02-28 13:19:37,google_play
برنامج ممتاز للغايه لاكن هناك مشكله من اطلب كريم يتأخر يالله يجي وين اظل واكف ومرات اطلب السيارات تارسه الشارع ومحد يقبل الرحله مع جل احترامي لشركه كرم وسائقي كريم وشكرا❤,5,positive,Careem,2026-02-28 10:30:05,google_play
التطبيق يقوم باخذ الأموال من البطاقه البنكيه مع ان المحفظه فيها أموال التطبيق يتحكم في البطاقه البنكيه ويتصرف كيف يشاء الحذر من التطبيق,1,negative,Careem,2026-02-28 04:30:27,google_play
اقيمه صفر لان يطلعلي سعر يجي ابو التكسي يكلي شوفي شكد طالع وياهو اركب ويه يزيدلي الكروه ويطلب أكثر راح امسحه لان تطبيق فاشل,1,negative,Careem,2026-02-28 03:07:28,google_play
اقل من نجمة فما يخص استخدام الدراجه او الاسكوتر تم سحب اكثر من مرة مبلغ من الحساب ولم يرد لي منذ شهرين وقبل اسبوع قمت باخد اسكتور كذلك خصم مبلغ كضمان ولم يرد وتواصلت مع خدمع العملاء نفس الاشكالية والبنك يقول تواصلوا معهم انا وقفت الاستخدام معهم للاسف كادراجه واسكوتر لاانصح بالاستخدام,1,negative,Careem,2026-02-27 23:41:36,google_play
تجربة ممتاز,5,positive,Careem,2026-02-27 21:40:16,google_play
اسوأ تطبيق,1,negative,Careem,2026-02-27 19:10:15,google_play
اسوا تطبيق شفته بحياتي مشوار صغير اخذ منيـ32 كل التطبيقات تاخذ اقل من 20الا كريم ياخذ فوق ال30حتى لو المشوار قصير حسبي الله,1,negative,Careem,2026-02-27 04:27:23,google_play
التطبيق سي للغايه,1,negative,Careem,2026-02-26 15:37:06,google_play
بعد التحديث انقطعت تماما اكواد الخصم وارتفعت أسعار الرحلات فى المعظم مقارنة بالتطبيقات الاخرى أصبح أعلى تكلفة للعميل,1,negative,Careem,2026-02-26 06:48:50,google_play
سي جدا,1,negative,Careem,2026-02-26 01:25:15,google_play
اكبر نصابين في المدينة هاذا كريم اليوم قفلو عليا الحساب بدون سبب اتصلتلهم قالو ليش تستخدم البطاقة في عدة حسابات ايش دخلهم هاذا بطاقتي استخدم فيها فين ما ابغا,1,negative,Careem,2026-02-26 00:33:12,google_play
جميل جداء,5,positive,Careem,2026-02-25 20:04:50,google_play
واجهت من فتره مشكله بالتطبيق لكن الفريق المشرف على التطبيق قاموا بحل المشكله بأسرع وقت وكانوا جدا حريصين على ارضاء المشترك شكرا لكم,5,positive,Careem,2026-02-25 15:11:12,google_play
السائق لم يرجع باقي المبلغ الدفع كان نقدي,1,negative,Careem,2026-02-25 14:25:44,google_play
جديد,5,positive,Careem,2026-02-25 05:12:15,google_play
👎👎👎 بسبب وعودكم الفارغة وتأخيركم اللي ماله مبرر، قررت أحذف التطبيق خدمة العملاء عندكم عبارة عن ردود جاهزة بدون حلول حقيقية. شكراً على التجربة السيئة، ومسحت التطبيق وراح أنصحالكل يمسحه,1,negative,Careem,2026-02-25 02:53:43,google_play
حظرت بلا سبب,1,negative,Careem,2026-02-25 02:48:07,google_play
سئ جدا في حفر الباطن,1,negative,Careem,2026-02-25 01:40:33,google_play
عدم اظهار الباقات بشكل واضح و تلاعب في الاسعار,1,negative,Careem,2026-02-25 00:36:04,google_play
سيء جدا الراكب من يواجه مشكلة مع الكابتن ما عنده طريفة تواصل الا على سيم كارت,1,negative,Careem,2026-02-24 20:04:29,google_play
ممتاز جدا يتساهل التقييم,5,positive,Careem,2026-02-24 19:55:48,google_play
غالي نفس سعر الاجرة,1,negative,Careem,2026-02-24 18:35:31,google_play
انا شخص اعيش في الاردن تحديدا في منطقه المفرق ولا استطيع الطلب منكم بسبب انها المنطقتي ليست ضمن التطبيق وهذا ليس عدلا,1,negative,Careem,2026-02-24 18:04:50,google_play
التحديث الاخير سئ جدا مااعرف اشلون نطلب تكسي,1,negative,Careem,2026-02-24 15:45:40,google_play
رخيص وجميل,5,positive,Careem,2026-02-24 06:36:56,google_play
للأسف احاول الاشتراك في التطبيق يعطي أنه هناك مشكله كثير كتبنا المشكله على الرابط ولكن بلا فائده,1,negative,Careem,2026-02-24 06:34:31,google_play
للأسف تطبيق كنت افكر انا تأمن له في المال اشتركت كريم بلص لمده ٦ أشهر ومحفظتي في مبلغ لكن للأسف تفاجئت اليوم تم حظر حسابي على اي اساس راح الاشتراك وقيمته والمحفظه التي فيها حساب لي للأسف اخذوهم يمكن زكاه مال باي حق تحضرني وتأخذ اشتراك انا دافعه ومحفظه فيها نقود وليش تحضر الحساب سياسه فاشله للأسف شو ما كان السبب لايحق لك حظر حسابي انت المفروض تطبيق لخدمتنا وندفع مقابل ذلك اذهب الى تطبيق طلبات مستحيل يحضر الحساب لان حظر الحساب انت تخسر تعامل الزبائن للاسف شكوتي عندك بالمسنجر مع رقم الهاتف,1,negative,Careem,2026-02-24 05:51:27,google_play
قبل التحديث افضل,2,negative,Careem,2026-02-24 04:02:35,google_play
لا انصح باستخدامه تكون مشترك فجأه والا عاملين حظر الك نصيحه لاتشترظوا تدفعوا مصاري على كريم بلص او تحطوا مصاري بالمحفظه فجأه بعملوا حظر الك وتروح عليك مصاريك,1,negative,Careem,2026-02-24 01:18:51,google_play
ممتمزه,5,positive,Careem,2026-02-23 19:29:14,google_play
تأخير غير طبيعي والكابتن يوصل مكان غلط ومايرد رغم اني اريلت واتصلت عليه ويلغي الرحلة واتحمل انا الرسوم تقييم سيء جدا ولا انصح باستخدام التطبيق واخر تعامل معاهم,1,negative,Careem,2026-02-23 17:25:34,google_play
رائعة جدا و الكباتن جدا محترمين.. غير إني وضعت 3 نجمات لأنه باهض الثمن قليلا.,3,neutral,Careem,2026-02-23 16:17:14,google_play
كنت طالع من الدوام أبي توصيل، ألقاهم يبوني أوافق على شروط الاستخدام الي طولها أكثر من ٢٠٠ سطر، قررت أحمل أوبر، والحمد لله ما كان فيه إلزام بالموافقة زي كريم، لا توافقوا على الشروط بدون قراءتها لأنها أغلبها يحطون فبها كفريات، حتى مرة في تكبيق بنكي كان من الشروط أني أؤمن أنه يجوز لهم ويحق لهم اخذ مالي بغير حق.,1,negative,Careem,2026-02-23 15:46:51,google_play
تطبيق راقي واسعارهم مناسبه انصح الناس اتنزله,5,positive,Careem,2026-02-23 14:30:01,google_play
افشل تطبيق حسبي الله عليكم بعني عندي شغل ولازم اطلع من وكت 3 سواق انتظرهم ويلغون الرحله وكله وكت عليه ومن وراهم تصير طلعتي بالازدحام,1,negative,Careem,2026-02-23 08:22:20,google_play
خدمة عملاء سيئة جدا,1,negative,Careem,2026-02-23 02:19:27,google_play
قبل التحديث الاخير كان التطبيق اسهل للاستخدام,5,positive,Careem,2026-02-22 20:54:19,google_play
يحتاج التطبيق تحديث يحدد عملية الدفع عن طريق رصيد كريم قبل ما اطلب تكسي يكون الدفع عن طريق بطاقة كريم التطبيق مامضمون المحفظة بيها فلوس بعد ما يحتاج كاش,1,negative,Careem,2026-02-22 19:43:12,google_play
سيئ,2,negative,Careem,2026-02-22 11:56:21,google_play
الاسعار أصبح مبالغ بيها رحلة ما تاخذ وقت 5 دقايق ياخد أجرة 4 الالف إضافة ان يتأخر كلش لحد ما يحصل كابتن,1,negative,Careem,2026-02-22 08:41:22,google_play
هل استخدام التطبيق مجاني بالنسبة للركاب وهل استطيع استخدامه في مكة المكرمة ؟,5,positive,Careem,2026-02-22 05:02:35,google_play
تجربة سيئة جدا جدا وخدمة عملاء اسوء بكثير ولا يوجد وسيلة اتصال سريعه بين خدمة العملاء والعملاء وبيتركوا الامر بين السائق والعميل بشكل عشوائي ودا اخر تعامل معهم للأبد,1,negative,Careem,2026-02-21 23:54:57,google_play
يمنع من دخول البرنامج,1,negative,Careem,2026-02-21 23:31:11,google_play
كان يوجد مشكلة لدي بالامس و لكن فريق خدمة العملاء قام بحل المشكلة بشكل سريع و جذري ، شكرا خدمة عملاء كريم,5,positive,Careem,2026-02-21 11:46:06,google_play
اسعار مرتفعة,1,negative,Careem,2026-02-21 09:03:09,google_play
الموظفين سئء خدمه,2,negative,Careem,2026-02-21 08:00:10,google_play
الحب الحب,4,positive,Careem,2026-02-21 03:24:17,google_play
التطبيق اصبح سيئ للغاية اكثر من ثلاث مرات نطلب كابتن ولا يأتي و تكلمه يقول انت عملت الغاء وانا لم ألغ شئ و يكون المشوار موجود عندي معلق ولو الغت يقولك عليك تكلفة تطبيق سيئ للغاية اصبح و الله المستعان .. بالإضافة انه سيئ للغاية في مكة,1,negative,Careem,2026-02-21 02:02:01,google_play
تطبيق فاشل لما الكابتن يلغي الرحلة عشان معرفش يوصل لمكان العميل ويقرر يحسب المبلغ علي العميل من دون العميل ما ياخد الرحلة يبقي دي سرقة,1,negative,Careem,2026-02-21 00:38:11,google_play
غير دقيق وغير مرن في تحقيق طلب الزبون من خلال التطبيق ويصعب التواصل للإستفسارات مع فريق المساعدة وكذلك اواجه صعوبه للتواصل مع الموظف الملم بحل الصعوبات,2,negative,Careem,2026-02-20 14:41:25,google_play
كان تطبيقي المفضل لمدة تزيد عن ٣ سنوات في الفترة الأخيرة ماصار في سيارات بمبالغ قياسية للموظفين اللي يستخدموه بشكل يومي والأسعار مبالغ فيها وبعض السيارات لا نظافة ولا إسلوب فللأسف حذفت التطبيق ، البدائل صارت متوفرة لكن الخدمة اللي تخلي التطبيق ناجح,2,negative,Careem,2026-02-19 14:20:52,google_play
جميلة,5,positive,Careem,2026-02-18 19:48:39,google_play
تطبيق جيد جدا مناسب للعوائل العراقية من حيث الأمن و الامان والراحة و كباتن التطبيق متميزين بالخلق الحسن والصبر مع الزبون وخصوصا مع كبار السن والنساء,5,positive,Careem,2026-02-18 13:49:47,google_play
رافض الدخول بيقولي حسابك في مشكله ابعتلنا ولنا بلعت محدش بيرد,1,negative,Careem,2026-02-18 13:45:17,google_play
بس شوي بطين,5,positive,Careem,2026-02-18 03:55:42,google_play
"Unfortunately, I was charged for a Careem Plus subscription without my permission or request for the service. This practice undermines customer trust. I demand immediate cancellation of the subscription and a full refund. A very bad experience.",1,negative,Careem,2026-02-18 03:28:13,google_play
كريم للدراجات نصب واحتيال,1,negative,Careem,2026-02-18 02:38:22,google_play
مش قادره احدد سعر الرحله التقريبي قبل تأكيد الرحله,1,negative,Careem,2026-02-17 15:42:30,google_play
😠,1,negative,Careem,2026-02-17 13:10:42,google_play
مرحبا.. لماذا لا وجود لكريم في تطبيق سوبر كي/ ديجيتال زون. حتى نستطيع شراء بطاقة كريم,5,positive,Careem,2026-02-17 00:36:42,google_play
اواجه مشكله بالتطبيق لاستطيع ان اطلب مشوار لأن علي سداد مبلغ لو تخلوه زي تطبيق المبلغ السداد يوضع بالمحفظه وبسدد الطلب في المره القادمه حتى سداد مشوار السابق مو موجود بخدمة، كريم,3,neutral,Careem,2026-02-16 23:08:20,google_play
تطبيق معفن,1,negative,Careem,2026-02-16 19:04:54,google_play
رائع جدا,5,positive,Careem,2026-02-16 11:35:56,google_play
كويس,5,positive,Careem,2026-02-16 04:49:18,google_play
سافرت الى السعودية و رجعت الى الاردن و حاولت التسجيل عدة مرات فى التطبيق و لم يفتح وصلني ايميل بانه تم حظر حسابي و انا عميل و لم الغى اي رحلة من وقت ان انضميت الى كريم ، ممكن اعرف سبب الحظر,1,negative,Careem,2026-02-16 02:50:48,google_play
سيء,1,negative,Careem,2026-02-15 23:12:25,google_play
غير امن وخدمه العملاء سيىء جدا ومتعرفش تتواصل معاهم وقت المشكلة في الرحله,1,negative,Careem,2026-02-15 18:19:22,google_play
ياخذون فلوس اكثر من يلي محدده بالتطبيق,1,negative,Careem,2026-02-15 17:37:25,google_play
مرحبا ارتفاع سعر الرحلات بشكل كبير وعلما بان قبل لم يكن بهذا الشكل,1,negative,Careem,2026-02-15 17:10:59,google_play
فاشل جاي حذف,1,negative,Careem,2026-02-15 13:54:30,google_play
الكباتن اصبحوا قليلين جداً,3,neutral,Careem,2026-02-15 02:33:37,google_play
ليه مبطلين تبعتو بروموكود للرحلات ؟,1,negative,Careem,2026-02-15 01:21:58,google_play
تجربه حلوة وكل الكابتن محترم والله يرزق هم من حيث لا يعلمون تطبيق حلو وسريع وراقي جدآ,5,positive,Careem,2026-02-14 22:14:00,google_play
مره صعدت ويه واحد من السواق اباوع جوه الكه قواطي ما مشروب او نبيذ و العياذ بالله,1,negative,Careem,2026-02-14 04:26:34,google_play
تجربتي مع الدرجات أستأجرتها اليوم جاني رحله ليوم كامل ب ٢٩ ريال مدة ٢٤ ساعه مع تأمين ٢٥ و يوم أخذتها و جا وقت الترجيع و قفلت الرحله سحبوا ١١١ ريال زيادة تواصلت معاهم يقولون أول ١٠ دقائق فقط مجانيه للدراجة و الباقي كل دقيقه ب ريال ف أنتبهوا الدراجات و السكوترات كلها تحسب بالدقائق كل دقيقه بريال حقيقي سياستهم مو واضحه طلبت منهم توضيحها أكثر حبيت افيدكم وياليت تخلون باقات جديدة تاخذها لسيوم كامل بدون دقائق حتى نستمتع,1,negative,Careem,2026-02-14 01:08:25,google_play
للاسف الان يستغرق وقت طويل لاتمام الطلب و لمن الكابتن يقبل الطلب ياخد وقت اطول لانهاء رحلة قريبة !!!!!!,1,negative,Careem,2026-02-13 19:12:57,google_play
برنامج فشل,1,negative,Careem,2026-02-13 19:07:55,google_play
مررررررررره ممتع,5,positive,Careem,2026-02-13 18:09:19,google_play
سئ جدا,1,negative,Careem,2026-02-13 17:17:12,google_play
عاشت ايدكم و و هذا أول برنامج خلاني اصعد تكسي بحدي و ما اخاف من اي واحد,5,positive,Careem,2026-02-13 16:43:00,google_play
سيء ميوصل لكل المناطق,1,negative,Careem,2026-02-13 15:53:46,google_play
تطبيق حرامي يخصم منك وغير صريح في الأسعار,1,negative,Careem,2026-02-13 13:00:28,google_play
بعد التحديث الاخير اصبح سيئ للغايه,1,negative,Careem,2026-02-13 12:15:04,google_play
careem is charging me twice for the same booking this is completely unfair,1,negative,Careem,2026-02-13 07:28:33,google_play
Perfect 👌🏻☺️,5,positive,Careem,2026-02-12 23:51:02,google_play
بالاردن الاداره فاشله جدا ولا انصح فيها من وقت الدمج...لو اقدر اعطيهم ربع نجمه ما اقصر,1,negative,Careem,2026-02-12 16:57:43,google_play
مميز,5,positive,Careem,2026-02-12 16:22:45,google_play
الصراحه التطبيق كلش صاير مو حلو من حدثو صار مو خوش خربطه بالرحلات وبطلب التكسي ومو زين مثل قبل اتمنى ترجعو ع قبل هوي احسن,1,negative,Careem,2026-02-12 11:41:37,google_play
انة امس طلبت كريم وچان بالمحفظة مال التطبيق فلوس. بس تطبيق كريم سحب من بطاقتي. السايق گلي ما اجاني اشعار بالدفع فأضطريت انطي نقدا. ومن وصلت طلع التطبيق هم دافعلة. يعني صار مضاعف. ومن اشتكيت الهم گلولي للأسف لا يمكن ارجاع هذا المبلغ. يعني باگوني عينك عينك . راح احذف التطبيق ما عجبني ردهم كلش,1,negative,Careem,2026-02-11 19:32:48,google_play
غير جيدة عند تحديد مسار الطلب قدرت الاحرة ب 5.17 تفاجأت عند الوصول ان الأجرة بلغت 10.94 ان هناك رسوم طريق علي الراكب. لماذا؟,1,negative,Careem,2026-02-11 17:30:24,google_play
غالي اسعار جدا مبالغة,1,negative,Careem,2026-02-11 17:19:24,google_play
their driver picked me up and dropped me off and im so sure it was him cus I checked his plate when her arrived and I don't know why the trip was canceled later ! and I have to pay the fee!! the customer support just ignored my request to review the case!,1,negative,Careem,2026-02-11 15:56:52,google_play
تطبيق عبارة عن سرقة بسرقة بحجة العداد الالكتروني حيث يظهر لك سعر و عندما تصل للوجهة يصل سعر اخر لصوص,1,negative,Careem,2026-02-11 02:07:12,google_play
كل شي اوكي ماعدا خدمة العملاء العرب صفر من عشره,3,neutral,Careem,2026-02-10 20:31:44,google_play
البرنامج حيل يمضرط😡 التحدث القديم ماله چان أحسن,1,negative,Careem,2026-02-10 19:14:45,google_play
التطبيق صار مرررة بطيئ ما يفتح واذا فتح ما يظهر طلب مشوار الا بعد مدة طويلة حتى لو طلبت يستغرق وقت على شان تظهر الخريطة مع انه كان قبل كويس,1,negative,Careem,2026-02-10 18:06:05,google_play
استخدم التطبيق منذ اسبوعين في بغداد التطبيق جيد جدآ من ناحيه السياره تعامل الكابتن والاسعار شكرآ لكم,5,positive,Careem,2026-02-10 16:34:55,google_play
❤️,5,positive,Careem,2026-02-10 12:36:11,google_play
تجربه ممتازه شكرا للقائمين على هذا التطبيق,5,positive,Careem,2026-02-10 08:48:23,google_play
لم يتم الالتزام بشروط الطلب... و اكتفوا بكلمة اعتذر...,1,negative,Careem,2026-02-10 00:35:19,google_play
يسرق زبون,1,negative,Careem,2026-02-09 20:09:35,google_play
ممتازه,5,positive,Careem,2026-02-09 16:16:28,google_play
ممتاز جداً جداً جداً,5,positive,Careem,2026-02-09 01:49:43,google_play
جميله جدا,5,positive,Careem,2026-02-08 18:46:54,google_play
جيد😔😻,2,negative,Careem,2026-02-08 18:34:29,google_play
تطبيق سئ جدا وبيتأخر,1,negative,Careem,2026-02-08 17:21:40,google_play
تطبيق حلو ورخيص بس طلبت تكسي اجه التكسي براس الفرع وكف هناك اني وجاي اتمشى لغى الرحله ولمن فتحت التطبيق دفعت نص السعر 2250 يعني شنو معنى هاذا التقفيص ؟؟؟؟؟؟؟؟؟؟,2,negative,Careem,2026-02-08 14:10:55,google_play
ما هذا السوء اطلب رحلة طيب تاخروا على قبول الطلب الغى الرحلة ارجع اطلب جديد يرفع السعر اي نصب هذا,1,negative,Careem,2026-02-08 13:58:16,google_play
مش مستجيب ورافض يظهر زي الاول,1,negative,Careem,2026-02-08 13:12:18,google_play
تطبيق رائع وفريق عمل رائع .احب هذا التطبيق واستخدمته في اكثر من دولة,5,positive,Careem,2026-02-08 03:10:45,google_play
لا يوجد تخفيضات ولا عروض قبل,1,negative,Careem,2026-02-07 20:29:14,google_play
تجربة جدا جميله ورائعة واتمنى لكم كل التوفيق والتطور,5,positive,Careem,2026-02-07 00:57:45,google_play
يوجد أخطاء لا تعد ولا تحصى بالتطبيق وكانه تطبيق برمجه طفل مبتدأ يتعلم البرمجة,1,negative,Careem,2026-02-06 19:57:09,google_play
"عندي تجربه واحده فقط سببت لي مشكله مع السائق حيث كان السعر الظاهر علي جهازي يختلف علي السعر عند السائق وهذا يعتبر عيب في التطبيق لاني اوافق علي الرحلة بناءا"" علي السعر او التكلفة فلما اصل الي وجهتي اجد سعر اخر هذا غير معقول.",2,negative,Careem,2026-02-06 18:46:41,google_play
جيد جدا,5,positive,Careem,2026-02-06 16:50:00,google_play
شكرا كريم انتم رائعون تعامل راقي جدا ونا كأني كابتن معكم أشعر كانكم جزء من العائلة,5,positive,Careem,2026-02-06 16:45:14,google_play
ايش صار في التطبيق فجأه اختفى؟!,5,positive,Careem,2026-02-06 15:13:21,google_play
اشي فخم,5,positive,Careem,2026-02-06 14:51:39,google_play
الافضل,5,positive,Careem,2026-02-06 09:16:22,google_play
شكرا,5,positive,Careem,2026-02-06 09:12:16,google_play
للاسف حاليا اكو انحدار بمستوى الكباتن ... سابقا كان الكباتن محترمين واسلوبهم مؤدب حاليا لا كثير منهم يسوق ويتكلم بالهاتف بنفس الوقت وبشكل مزعج ومشغل الاغاني بصوت عالي ولمن تطلب منه يطفي الراديو او يترك الهاتف اثناء السياقه ينزعج وينهي الرحلة وينزل الزبون ... يا ريت تنبهون الكباتن انو يكونون محترمين بالتعامل مع الزبون,2,negative,Careem,2026-02-06 04:05:04,google_play
تمام,5,positive,Careem,2026-02-06 03:26:47,google_play
روووووعة,5,positive,Careem,2026-02-06 00:01:56,google_play
التطبيق مش شغال من الصبح وبعدين مش لاقيه على الجهاز ايه السبب حد يرد عليا,5,positive,Careem,2026-02-05 21:56:26,google_play
التطبيق لا يعمل ؟,2,negative,Careem,2026-02-05 18:21:35,google_play
دلوقتي تطبيق كريم فجأه وقف من علي الموبايل مسحته ونزلته تاني طلب مني الباس ورد أو آخر اربع أرقام من credit وانا مش فاكره الباس ورد ولا ربط حساب تطبيق ب credit,1,negative,Careem,2026-02-05 18:12:47,google_play
صراحه تطبيق سي وخدمة عملا غير اكفاا وقمت بحذف التطبيق وانصحكم باوبر او جيني افضل منه بكثير هذول حراميه يزودون في الاسعار غير اللي في التطبيق كذابين محتالين وانصح بمقاطعتهم,1,negative,Careem,2026-02-05 17:13:07,google_play
ممتاز وامن,5,positive,Careem,2026-02-05 16:39:32,google_play
تطبيق ممتاز جدا,5,positive,Careem,2026-02-05 16:01:45,google_play
شكرا على جهودكم,5,positive,Careem,2026-02-05 14:41:34,google_play
تم التحديث بتاريخ 5 فبراير 2026 ومن وقتها التطبيق لا يفتح تعديل: قمت بحذف التطبيق وإعادة تنزليه ففتح,5,positive,Careem,2026-02-05 14:30:54,google_play
خدمة ممتازة,5,positive,Careem,2026-02-05 13:56:58,google_play
عطلو حسابي والمبلغ الموجود بالمحفظة ما رجعوه .,1,negative,Careem,2026-02-05 13:30:58,google_play
التطبيق لا يعمل ظاهر فقط الغاء التثبيت مع العلم استخدمته امس,1,negative,Careem,2026-02-05 12:22:48,google_play
نعم انه جيد انصح به شكرا,5,positive,Careem,2026-02-05 08:08:40,google_play
كأدارة رائعين ويعطوك حقك إذا اخطاء عليك كابتن اما الكباتن بعضهم وجوده خطاء في اوبر يخرب سمعة الشركة علما ان اوبر تقدم خدمة جميلة بالذات للسائخ,5,positive,Careem,2026-02-05 05:44:54,google_play
جيدة,5,positive,Careem,2026-02-04 23:32:22,google_play
تأخير في إيجاد كابتن 👎👎👎👎,1,negative,Careem,2026-02-04 21:24:19,google_play
سراقين مكتوب وصلت السياره والسواق مارضى يقول وين ولمى الرحله من عنده وحطو لي 10 ريال ادفعها حسبي الله ونعم الوكيل فيه,1,negative,Careem,2026-02-04 17:13:37,google_play
التطبيق لا يعمل ما السبب,4,positive,Careem,2026-02-04 15:25:30,google_play
سئ جدا التطبيق معلق,1,negative,Careem,2026-02-04 14:45:15,google_play
لا باس,5,positive,Careem,2026-02-04 13:36:35,google_play
تجربة جيده,5,positive,Careem,2026-02-04 12:33:38,google_play
زفت بعد التحديث صار بطي بطي بطي,1,negative,Careem,2026-02-04 00:19:14,google_play
شركة ما بتستاهل واحد يطلبها بترا رايد وجيني افضل وارخص منها بكثيير,1,negative,Careem,2026-02-03 22:48:43,google_play
التحديث الاخير مشكلة في الخرائط غير واضحة صعوبة تحديد الوصول يدويا يرجى المعالجة ثانيا هناك كسور بالمبلغ عندنا بالعراق لاتوجد مثلا 50 فلس او 75فلس وهذة يستغلها الكابتن لرفع القيمة يرجى الانتباة,2,negative,Careem,2026-02-03 21:39:15,google_play
صراحه ما عرفت تستخدمه في حاجات حاجات مو معروفه ولا اعرف استخدمها,1,negative,Careem,2026-02-03 16:18:18,google_play
شركة محترمة,5,positive,Careem,2026-02-03 15:21:58,google_play
هل فعلا سوف يتم نقل كل الزبائن على تطبيق اوبر بدل من تطبيق كريم ؟,5,positive,Careem,2026-02-03 15:00:35,google_play
في التحديث الاخير لم يحتفظ بالرحلات السابقة وكل يوم يجب علي ان اكتب الموقع من جديد,4,positive,Careem,2026-02-03 03:21:05,google_play
اسعاره مره غاليه في مره وصلني من الشوقية إلى النوارية واخذ 250 كاني رايح من مكة للمدينة سواق حارتنا احسن منه,1,negative,Careem,2026-02-03 00:27:28,google_play
لي ساعه ونص انتظر قبول مشوار و حاولت اتواصل مع الدعم ولا احد يرد و تقييم تجربتي للتطبيق زفت و سيء يعني حتى رقم تواصل مافي ايش القرف ذا,1,negative,Careem,2026-02-02 13:01:27,google_play
مع الاسف بعد التحديث للبرنامج ارتفع سعر رحلاتي اليومية وكلها اكسترا وعدم ارسال كود التخفيضات ارجوا بحل هذه المشاكل والا سأضطر ان اجرب تطبيق آخر,5,positive,Careem,2026-02-02 12:08:38,google_play
رائع ومميز,5,positive,Careem,2026-02-02 09:13:11,google_play
سيىطئ جداً مقارنة في اوبر و الاكواد كاذبه أيضاً سيارات قديمه و اسعار مبالغ فيها,1,negative,Careem,2026-02-01 21:01:23,google_play
غالٍ جدا مقارنة بغيره من أصحاب التكاسي,2,negative,Careem,2026-02-01 20:02:59,google_play
من الساعه 1.10 للساعه 4.5 وماوصل الطلب وهو كله 6 ساندويتشات والمسافه بالسياره 10 دقايق انا رح احذف التطبيق نهائيا,1,negative,Careem,2026-02-01 16:56:08,google_play
راقي ومناسب وافضله على كل تطبيق يفاجئنا باسعاره وخدماته اعطيه 5نجوم,5,positive,Careem,2026-02-01 15:12:18,google_play
برنامج زبالة... كودات خصم و عند تطبيق القسيمه بحكيلي القسيمه غير موجوده.... حلو مشاكلكم و بعدين ابعثوا قسائم,1,negative,Careem,2026-02-01 14:52:29,google_play
تكسي غالي جدا جدا جدا تطبيق بلي وغيره افضل منه بالف مره,1,negative,Careem,2026-02-01 01:24:28,google_play
تجربتي مره حلوه عجبني بس خفف السعر علينا الله يسعدك شكرا شكرا,5,positive,Careem,2026-02-01 00:08:21,google_play
يكتب لي انه لايوصل لهذه المنطقة رغم مناطق قريبة شو هل فشل,1,negative,Careem,2026-01-31 22:49:28,google_play
للاسف اوسخ تجربة لن تتكرر تطبيق قذر ونصابين وبيعتمدو على شوية سائقين لصوص يفتح قبل ما يوصلك ومايوصلش اصلا تقريبا بيروح رحلة على تطبيق تاني انا ركبت رحلة في داخل مدينتي ٣ك متر دفعني ٢٥٢ وقالي التطبيق جايب حساب قديم عليك مش عارف ازاي احاول اتصل بخدمة مفيش عندهم خدمة عملاء نهائي غير رسايل وإن كان عجبك او اخبط دماغك في الحيط,1,negative,Careem,2026-01-31 21:18:05,google_play
الصراحه تعامل ممتز جدإ وسيارات نظيفه. وسواقين محترفين. ولاكن. اتمنا من. صاحب. التطبق. ان يقوم. بميزه جديده. وهي. اضافه سندات. بتفاصل المشوار. وسعر المشاوارر. اكترونيه. تستطيع. ان تطبعها. بسبب المشاكل. الذي تحصل بينك انت واصحاب العمل. بسبب الحساب حق المشوار.,3,neutral,Careem,2026-01-31 11:05:31,google_play
رائع,5,positive,Careem,2026-01-31 03:52:46,google_play
محدودية في السائقين بالرمثا و حتى لو توفر سائق يكون بعيدا عن موقعي ويأخذ وقتا طويلا لكي يصلني,2,negative,Careem,2026-01-31 00:17:20,google_play
محتاجه حد يرد عليا من سنه لا حول ولاقوة الا بالله,1,negative,Careem,2026-01-30 20:36:16,google_play
تطبيق ممتاز جداً,5,positive,Careem,2026-01-30 13:32:34,google_play
رووعه,5,positive,Careem,2026-01-29 23:55:09,google_play
ليش التطببق مابيفتح وليعطيني في مشاكل,1,negative,Careem,2026-01-29 23:25:28,google_play
حلو مشكله الفلوس مع السراق المتحرش ولا تصيروا معه الفلوس الي حاطينها لي انها مستحقة ١٨ ريال مدفوعة كاش وفوقها اصلا المشوار كان وصول والمبلغ بعد الخصم ٤ ريال بعد ما اندفع ليه من عند العسكري جاي ويطلبها ومسويني سراقة وفوقها انتوا ماتردوا داخل التطبيق,1,negative,Careem,2026-01-29 20:09:25,google_play
لقد كانت تجربه سيئه جدا لأن التطبيق يعطي الحق للسائق بأن يلغي الرحله ومع ذلك يستقطع المبلغ من الراكب في أي قانون تطبق العدالة فقط على الراكب اين وجه الحق بهذا الموضوع,1,negative,Careem,2026-01-29 18:43:12,google_play
للاسف هناك عروض على البطاقه الائتمانيه لم استفد منها بدعوى (ان العرض منتهي) كانت هذه اجابتهم على الشكوى المقدمه و هذا غير صحيح لان العرض من ميزات البطاقه الثابته في البنك وليس محدد بوقت . وحصل لي في السابق ان وجدت مبلغ مديونيه واستفسرت منهم واتصلت بهم وافاد الموظف انه لايمكنه الافاده اضطريت اسدده عشان اطلب مشوار . اتمنى من المسؤولين احترام عقولنا ، والسوق مفتوح هناك المنافس الافضل والاقل سعرا,1,negative,Careem,2026-01-29 14:53:39,google_play
ضاع علي اختبار القدرات ساعه ما جاني احد نجمه كثير والله,1,negative,Careem,2026-01-29 11:36:31,google_play
تطبيق فاشل,1,negative,Careem,2026-01-29 10:45:12,google_play
أكثر من رائع,5,positive,Careem,2026-01-29 00:57:52,google_play
سيء جدا جدا بعد التحديث دمجه مع اوبر,1,negative,Careem,2026-01-29 00:31:23,google_play
😍😍,5,positive,Careem,2026-01-28 21:13:23,google_play
ممتاز😃,5,positive,Careem,2026-01-28 19:07:18,google_play
ليه لغيتوا التواصل مع خدمة العملاء ..بجد دي أسوأ حاجة حصلت من الابليكيشن..ولازم يكون فى حل لان دي كانت افضل ميزة عندكم وهي سهولة التواصل لما بيكون في مشكلة مع السائق,2,negative,Careem,2026-01-28 17:44:49,google_play
تطبيق سيئ جدا ومايستاهل نجمه واحده اصلا يوجد مبلغ تم خصمه وبمراجعة خدمة العملاء يقول تم تحرير المبلغ راجع البنك البنك يقول ماعندي شيئ راجع شركة كريم,1,negative,Careem,2026-01-28 14:46:26,google_play
أنا في عميل في كريم السعوديه من زمان ماشفت غير كل خير ولكن في الاردن التطبيق عباره عن حراميه اشكي حالي عند رب العالمين والتقييم مجرد بدايه موضوعي كنت راكب مع كابتن وكان معي المحفظه وفيها كل فلوسي وبطايق الصراف كنت مطمن والصدمه بعد التواصل مع الشركه تواصلو مع الكابتن وكان الرد مالقي محفظه ولا فلوس طيب انا متأكد أنها واقعه معه أنا الآن وهذي خدمة كريم أ دأنا مين يعوضني حسبي الله ونعم الوكيل في كل شخص حسبي الله ونعم الوكيل,1,negative,Careem,2026-01-28 14:00:37,google_play
يعني شو تاخدو عموله عشان بدي ادفع كاش يعني مش فاهمه الفكره من عقلكم انتو شو هالنصب هذا,1,negative,Careem,2026-01-28 13:17:08,google_play
من اسوء التجارب اللى مريت بها اى مشكله مع الكابتن أو الأجرة تتصل بخدمة العملاء مش موجوده اصلا ومحدش بيعبرك ولا يرد عليك وعشان تعرفوا انكم برنامج مش تمام عملتو replay على التقييم على أساس انكم بتهتموا وكده وبعتولى لينك ولعت الشكاوى 3مرات ومحدش برده يرد,1,negative,Careem,2026-01-28 12:13:51,google_play
لقد اشترك في خدمة مشاوير المدرسة، وقد تم خصم المبلغ مني، ولكن لم يتم جدولة الخدمة، ولا اذا بغيت اطلب الخدمة لازم ادفع مره اخرى، مع العلم اني دفعت مبلغ ٢٠ رحله، ما يقارب ١٥٠٠ درهم.,1,negative,Careem,2026-01-28 12:01:19,google_play
"Bad app and late delivery; if I could give it less than one star, I would.",1,negative,Careem,2026-01-28 03:39:15,google_play
ممتاز جدا,5,positive,Careem,2026-01-27 17:35:17,google_play
نصابين اخذ مني ٤٠ ريال سعودي تأمين الى ان يتم استرجاع المركبه وعندما اعدت المركبه لم يتم ارجاع المبلغ 🤬,1,negative,Careem,2026-01-27 16:35:53,google_play
تطبيق فاشل وسائقي تاكسي ساقوم بالغائه والغاء حسابي فيه,1,negative,Careem,2026-01-27 16:05:55,google_play
انا مع كريم منذ 2016 كانت الخدمة من افضل ما يمكن لغاية عام 2024 مع بداية 2025 اصبح كريم سيء جدا وخدمات سيئة واسعار مرتفعه ويؤسفني ان اقيم بنجمه واحده لو كان هناك اقل من نجمة كان اعطيته تقييم اقل كريم سيء سيء سيء,1,negative,Careem,2026-01-27 14:09:25,google_play
بقي زياده في الاسعار فوق الطبيعي,1,negative,Careem,2026-01-27 10:37:00,google_play
"Very poor customer service, with no intention to help.",1,negative,Careem,2026-01-27 08:51:03,google_play
منيح,5,positive,Careem,2026-01-27 03:42:54,google_play
تجربه مميزه,5,positive,Careem,2026-01-26 21:03:14,google_play
عندما اصل الى بلد اخر لم أستطيع الدخول مرة ثانية إلى البرنامج .. يجب حل المشكلة.. واضافة اي اجور متاخرة على المشوار الجاي...,5,positive,Careem,2026-01-26 15:09:17,google_play
يجب توفير خدمة الكاش اذا مافيه فلوس في البطاقة,1,negative,Careem,2026-01-26 06:23:21,google_play
بارك الله تعالى فيكم ... خدمتكم للمواطن آمنة و ذي مواصفات عالية,5,positive,Careem,2026-01-25 19:33:37,google_play
تعرضت لعملية احتيال من هذا التطبيق و لن استخدمه مدى الحياة . حجزت رحلة و تم خصم مبلغ من حسابي . ثم الكابتن ألغى الرحلة قبل ان يصل و لم يعيدو لي النقود . تواصلت مع خدمة العملاء و قالو لي للأسف لا نستطيع اعادته الى حسابك البنكي . قلت لهم اعتبر هذا المبلغ هدية لكم التي جعلتني احذف تطبيقكم و استخدم خدمة أخرى . إلى اللقاء,1,negative,Careem,2026-01-25 18:46:25,google_play
التطبيق مره جميل جدا جدا,5,positive,Careem,2026-01-25 16:54:52,google_play
جميل,5,positive,Careem,2026-01-25 13:58:19,google_play
بصراحه ممتاز استفيد منه اكثر شي في المدينةالمنورة مشاويري كلها ارخص من غيره بالنسبه لسعر وسيارته نظيفه,5,positive,Careem,2026-01-25 07:48:02,google_play
كريم من أسواء برامج طلبية كلبتها بوبايز ساعه 6 وماوصلتني طلبية لساعه 8.30ودقيت عليهم ويضحكون علي كل شوي يقولون ان طلع كابتن وماتم لا تعويض ولا أي شي ناس كذابه,1,negative,Careem,2026-01-24 19:50:55,google_play
ممتاز وسهل الاستخدام وسريع جدا,5,positive,Careem,2026-01-24 19:45:29,google_play
معبي رصيد في المحفظه أستخدمته وبقى بعض الرصيد وبعده أختفى 🧐,1,negative,Careem,2026-01-24 19:01:02,google_play
gooooood,5,positive,Careem,2026-01-24 11:44:32,google_play
جيدة ومريحه,5,positive,Careem,2026-01-23 17:07:34,google_play
بصراحة ممتازة واتمنى باقي شركات التوصيل تقتدي بهاية الخدمة من ناحية السرعة والمصداقية وتوفير سيارات مرتبة وحديثة ونظيفة بنفس الوقت ..اتمنى لهم التوفيق🙏,5,positive,Careem,2026-01-23 13:03:43,google_play
جيد جدا ممتاز,5,positive,Careem,2026-01-23 05:05:09,google_play
سيئ جداجدا اذا مثل طلبت سيارة وما اطلعت فيها بدفعك فلوس,1,negative,Careem,2026-01-23 03:12:51,google_play
هو برنامج جميل بس في ملاحظة في بعض المرات من اطلب تكسي واركب معاه يضل يتكلم هو واصحابه الين ما تخلص الرحلة المفروض هنالك خصوصية,4,positive,Careem,2026-01-22 18:24:36,google_play
جميل جدا,5,positive,Careem,2026-01-22 08:20:28,google_play
البرنامج يطلب تحديث الملف الشخصى ومازال لم تتم معالجته,5,positive,Careem,2026-01-22 03:44:29,google_play
الثقة والامان كريم🌸,5,positive,Careem,2026-01-21 21:50:36,google_play
السواق ما جاء و حطو الدفع علي,2,negative,Careem,2026-01-21 17:08:35,google_play
بالعراق يشتغل,5,positive,Careem,2026-01-21 15:31:20,google_play
تطبيق حلوو وعملي ومفيد.. وسياراتهم كلها نظيفة,5,positive,Careem,2026-01-20 23:29:09,google_play
للأسف أصبح كابتن سيناء جدا في كريم,1,negative,Careem,2026-01-20 20:17:49,google_play
تطبيق بيجنن كل اهلي بعمان بيمدحو فيه بس ليش ما بتوصلو للزرقاء وتكبرو نطاق التوصيل عندكم,3,neutral,Careem,2026-01-20 15:42:48,google_play
اعلان كريم وين مارحت بيطلعلي بكل الالعاب وباليوتيوب كرهتو وكرهت اعلانو وكرهت امسك موبايلي من ورا اعلاناتو شي مزعج وحملتو مرة ونص ساعة ومحدا قبل طلبي رغم انه اكو هواي تكاسي كريم شان بجواري,1,negative,Careem,2026-01-20 06:15:08,google_play
لسة مفيش تجربة التوصيل,1,negative,Careem,2026-01-19 23:06:40,google_play
بقالي ساعه اطلب كريم ومدخلني علي التوفير. . اروح الأول معامله غير جيده,1,negative,Careem,2026-01-19 20:54:30,google_play
أسعاره مرتفع قليلا,5,positive,Careem,2026-01-19 19:37:49,google_play
تجربة ممتازة ورائعة,5,positive,Careem,2026-01-19 18:48:06,google_play
خدمة ممتازة شكرا كريم,5,positive,Careem,2026-01-19 16:12:23,google_play
أفضل استخدامه,5,positive,Careem,2026-01-19 15:04:08,google_play
شكرا كثير من القلب 🙏🤍,5,positive,Careem,2026-01-19 13:03:06,google_play
سيء جدا في عمليات زيادة في اسعار التوصيل,1,negative,Careem,2026-01-19 09:06:58,google_play
موقع يسرقك وهو باسم تكلفة مشوار .. طلبت مشوار مدته 10دقائق قال التكلفة 26ريال وطبعا خصم المبلغ قبل يوصل الكابتن وبعدين لما وصلني جاتني رسالة عليك مبلغ 28ريال زلما تواصلت معاهم قالو لك تكلفة المشوار55ريالوكل اشوي يتواصل موظف ويكتشف ان في خطا وكاالعاده بصعد تلموضوع وهو طل... وللعلم اوبر وكريم تبع شركة وحده وهم مع بعض يقومو بالنصب ع العالم👎 مفكريين هم شركات التوصيل الوحيده وان البلد مافيها قانون,1,negative,Careem,2026-01-19 05:13:38,google_play
والله خوش تطبيق,5,positive,Careem,2026-01-18 21:19:17,google_play
خخخخير هذه ثاني مره الكابتن يسحب اول ما يوصل نقطة الالتقاء، ويجيني حجز لرحلة جديدة وانا في الشارع،، مع العلم اني اخرج قبل وصول الكابتن حتى.. مالت عليكم وعلى تطبيقكم,1,negative,Careem,2026-01-18 17:28:08,google_play
للحذر لانه اكيد نصب كدا مع ناس تانيه السواق اسمه abanoob Aziz عربيه رقم م س ي 5915 (Gray ByD F3) لتجنب وقوع أحد آخر تحت عملية النصب او اى حاجه خطر نصب عليا فى الاجره واتحجج انى مفيش باقى معاه وهيضيفه على المحفظه ولما كلمت خدمة العملاء قالوا انى المرجع ليهم اللى بيكتبه السواق أنه استلمه من العميل يعنى المرجع ليهم اصلا اللى بينصب وسمعت من سواقين لنفس الشركة انى فى ناس كتير حصل معاهم كدا بيقولوا ارجعوا للشركه لانى مفيش اي وسيله تواصل مع السواقين غيرهم والشركه مبتعملش حاجه بتغلط العميل .,1,negative,Careem,2026-01-18 14:57:15,google_play
الإختيار الأفضل👍👍👍👍,5,positive,Careem,2026-01-18 09:39:11,google_play
بطىء,5,positive,Careem,2026-01-18 02:02:30,google_play
ممتازين جدا,5,positive,Careem,2026-01-17 22:59:56,google_play
very good,5,positive,Careem,2026-01-17 22:36:44,google_play
سيئة,1,negative,Careem,2026-01-17 19:53:24,google_play
تجربه هامله,1,negative,Careem,2026-01-17 01:42:42,google_play
جديد جداً,5,positive,Careem,2026-01-17 00:34:29,google_play
طلبت رحله تكلفتها 51 جنيه ودفعت للكابتن 100 وطلبت منه يضيف الباقى فى الحساب واخد الفلوس ومضافش الباقى فى الحساب ولما تواصلت مع خدمة العملاء قالولي مش ينفع نرجع الفلوس شركه غير محترمه وكابتن غير امين,1,negative,Careem,2026-01-16 22:37:03,google_play
تطبيق ممتاز جدآ,5,positive,Careem,2026-01-16 22:11:02,google_play
اجمل تطبيق,5,positive,Careem,2026-01-16 15:14:00,google_play
برنامج حلو وخدمي عاشت الايادي أحسن من باقي التطبيقات,5,positive,Careem,2026-01-15 14:17:49,google_play
الاسعار غاليه لقيت تطبيقات ارخص منه بكثير,1,negative,Careem,2026-01-15 10:38:05,google_play
سيئ جدا التطبيق قام بتعطيل حسابي بسبب اني اضع عليه بطاقتين visa ويقول اني انتهك حقوق التطبيق واستفيد من الكودات بشكل غير شرعي,1,negative,Careem,2026-01-15 01:11:18,google_play
كباتن التطبيق غير محترمين وبيخذوا اموال زياده وسياراتهم كلها غير جيده,1,negative,Careem,2026-01-15 01:07:16,google_play
سيى لي اسبوع معلق معي ومشكلتي مانحلت,1,negative,Careem,2026-01-14 12:58:37,google_play
تطبيق رائع,5,positive,Careem,2026-01-14 11:40:38,google_play
ملاحظة يجب أن يدعم التطبيق اللغة العربية بالكامل ثاني شي الكابتن يجب أن يتقيديون بشروط الغاء الرحلة لأن أغلبهم يقبل الطلب وإذا شاف الإسم رجل يكنسل الرحلة يبغون بنات بس نرجو النضر في ذالك,1,negative,Careem,2026-01-14 02:25:54,google_play
تطبيق صراحه جميل وممتاز بس السائقين ليس فيهم جديه,2,negative,Careem,2026-01-14 02:07:14,google_play
تطبيق مفيد جدا,4,positive,Careem,2026-01-13 20:09:21,google_play
اخذتو ضريبه بدون ما اكنسلها,2,negative,Careem,2026-01-13 16:26:39,google_play
احسن من بلي بهواي,5,positive,Careem,2026-01-13 12:43:04,google_play
رائعه,5,positive,Careem,2026-01-12 18:00:22,google_play
ياخذون زياده في الاجره,1,negative,Careem,2026-01-12 16:42:25,google_play
اسوء تطبيق نصب واحتيال لقد مسحت التطبيق نهائا ولن استعمله مره اخرى لليوم الثاني على التوالي عند الوصول تكون الاجره مضاعفه,1,negative,Careem,2026-01-12 11:33:46,google_play
تطبيق سيء وما راح ارجع انزله او اطلب منه تكسي👎🏻,1,negative,Careem,2026-01-12 09:58:06,google_play
بصراحه احسن تطبيق حاليا احسن اوفر احسن كباتن التطبيق يا جماعه عدى 10 من 10 خدمه عملاء مميزه جدا لو لك حق بيرجع لو في 10 نجوم هديهم له تطبيق رائع جداً جداً جداً في متناول الجميع يراعي جميع الطبقات الاجتماعية والاقتصادية كباتن محترمه بلا تجاوزات تطبيق يعرف يرجعلك حقك في كل الظروف بجد شكرا جزيلا اوبر,5,positive,Careem,2026-01-12 08:29:34,google_play
حلو ورخيص ♥️♥️♥️💋💋💋💋,5,positive,Careem,2026-01-11 20:34:03,google_play
اليوم اول يوم اجرب واستخدم تطبيق تكسي كريم وكانت رحلتي وياه جيدة والكابتن كان تعامله ممتاز ولهاذ اعطيته خمس نجمات,5,positive,Careem,2026-01-11 14:08:38,google_play
thanks 4u.,5,positive,Careem,2026-01-11 11:31:13,google_play
سيئة جدا,1,negative,Careem,2026-01-11 08:30:21,google_play
اصبح في منتهى السوء لا انصح به لايختار الكباتن بطريقة امينه كما ان الكباتن لايسيرون وفقا لاي خريطه ويحلولون زياده الطريق لزياده الاجره وخدمة العملاء في منتهى السوء وعدم الاهتمام,1,negative,Careem,2026-01-10 18:00:04,google_play
طلبت من مطعم بيتزا اسمه وسيم .وصلتني البيتزا عجين وبيضاء من أسفل لم تخبز جيدا وصورت لكم .تواصلت مع كريم واخبروني أنه لا يمكن تعويضك .مش طبيعي الرد ..يعني أنا ادفع فلوس ثمن اشي ما بيتاكل وتحكولي هيك..؟ اسوأ تطبيق,1,negative,Careem,2026-01-10 17:44:46,google_play
السلام عليكم انا كابتن كريم عندى حظر فى أوبر ومش عارف افتح تطبيق كريم كابتن ايه الحل,3,neutral,Careem,2026-01-10 16:50:04,google_play
لم يصل الكابتن الا الموقع و تمت غرامتي ب ٥ ريالات في حين اني في الشارع والكابتن لم يصل,1,negative,Careem,2026-01-10 13:18:25,google_play
الرجاء من مسؤول الجودة من ملاحضة الشكاوى داخل البرنامج واجاد طريقة سهلة الاتصال عند وجود مشكلة وحلها بسرعة التحسين الخدمة بعد اخد اوبر لبرنامج كريم صارت الخدمة ولتواصل اسواء في حال لم تحل المشكلة سوف احذف البرنامج,1,negative,Careem,2026-01-09 23:59:37,google_play
زفتتت يعلق وماقدر اسوي تسجيل خروج,1,negative,Careem,2026-01-09 21:21:43,google_play
برنامج جيد ويخدم برافو,5,positive,Careem,2026-01-09 15:55:03,google_play
اختصار للكثير من المشاكل والمعرقلات والتعاملات وسيارت جيدة وكباتن محترمين,5,positive,Careem,2026-01-09 15:38:14,google_play
اسوء برنامج طلبات في الأردن,1,negative,Careem,2026-01-09 15:07:39,google_play
شركة نصابه وكابتن نصابه حسبت الكابتن علي الرحله واخذ أكثر من حقه وبلغ الشركة بأنني لم ادفع له وكل ما اطلب رحله عايز يدفعني ثمن الرحله اللي انا دفعتها ١٥٥ جنيه علما بتعامل معهم من اول ما بدأوا في مصر وعميل مميز لكن للأسف موظفين أغبياء,1,negative,Careem,2026-01-08 07:51:58,google_play
تجربة سيئة جدا,1,negative,Careem,2026-01-08 03:45:03,google_play
جلست ساعه ادور ع الأغراض في النهاية يقول انت غي مؤهل للعرض حذف إلى مزبله التطبيقات المضلله!!!,1,negative,Careem,2026-01-07 13:17:32,google_play
👍👍👍👍👍❤️,5,positive,Careem,2026-01-07 11:43:41,google_play
طبيق ممتاز جدا وسهل الاستخدام,5,positive,Careem,2026-01-07 11:04:16,google_play
تطبيق سيئ جدا جدا جدا جدا رافض بطاقات الصراف وشحنت المحفظه وبرضو رافضين الدفع وبرضو رفضو يرجعون فلوسي تطبيق فاااااااشل,1,negative,Careem,2026-01-06 21:25:13,google_play
اسوا تطبيق مر عليا بحياتي حطيت موقع الوصول واتفاجى بموقع ثاني مما سبب لي الخساره الضعف,1,negative,Careem,2026-01-06 20:53:57,google_play
تجربة رائعة,4,positive,Careem,2026-01-06 20:04:07,google_play
سيء جدا,1,negative,Careem,2026-01-06 14:48:47,google_play
تطبيق مناسب,5,positive,Careem,2026-01-06 14:25:35,google_play
بعض سواقين غير محترمين,1,negative,Careem,2026-01-06 08:04:23,google_play
الخدمه سيئه,1,negative,Careem,2026-01-05 23:17:28,google_play
تجربة سيئة طلبت طلب ولغيته بعد ثواني وخصموا المبلغ وما رجعوه بحجة المطعم قام ببدء التجهيز وحاولت أكثر من مرة وما رضيوا يرجعوا المبلغ تطبيق كيتا الأفضل بصراحة,1,negative,Careem,2026-01-05 20:17:28,google_play
ممتاز بارك الله,5,positive,Careem,2026-01-05 19:24:54,google_play
اغلب الكابتن بلغو وفي حال دفع فيزا ما برضو الا كاش,1,negative,Careem,2026-01-05 19:08:44,google_play
سيئة شيئة سيئة غالي جدا جدا جدا,1,negative,Careem,2026-01-05 18:37:56,google_play
شكرا على سوق بلي على هاذ التطبيق المساعد,5,positive,Careem,2026-01-05 11:35:01,google_play
سيى,1,negative,Careem,2026-01-05 09:42:24,google_play
التطبيق ممتاز الكباتن ممتازين وخلوقين وفقكهم الله جميعا,5,positive,Careem,2026-01-04 22:39:10,google_play
جيد جدن,5,positive,Careem,2026-01-04 17:32:01,google_play
تطبيق رائع وآمن,5,positive,Careem,2026-01-04 16:54:00,google_play
دقه فى الموقع,5,positive,Careem,2026-01-04 16:32:47,google_play
مخزية,1,negative,Careem,2026-01-04 14:54:35,google_play
على طول يتأخر الكابتن والمشكلة تعطيه حقه يحط عليك مديونيه ماانصح بالتنزيل,2,negative,Careem,2026-01-04 08:20:02,google_play
لا يوجد تغيير على منطقة الإقامة للوصول إلى مطاعم منطقتي,3,neutral,Careem,2026-01-04 01:44:43,google_play
بخصوص عنوان المكان الي نطلب منه الجي بي اس .. يكون بعيد عن المبايل وهذه مشكلة,4,positive,Careem,2026-01-03 23:12:37,google_play
احسن تطبيق شفتا بحياتي وكذالك الخدمه كلش حلوه شكرا لشركه كريم واتمنى ان يضيفون خصومات,5,positive,Careem,2026-01-03 21:47:02,google_play
good,5,positive,Careem,2026-01-03 21:07:40,google_play
لمن السيارات تلغي الطلب يجي علي حسابي,2,negative,Careem,2026-01-03 18:53:12,google_play
مشالله سريع,5,positive,Careem,2026-01-03 17:23:28,google_play
التطبيق صار صعب الأستخدام ومافي كود خصم,2,negative,Careem,2026-01-03 15:11:40,google_play
جيد جداً,5,positive,Careem,2026-01-03 03:17:14,google_play
تطبيق محترم جدا,5,positive,Careem,2026-01-02 23:27:13,google_play
لم أكن راضي لعدم حصولي علي الفاتوره,1,negative,Careem,2026-01-02 20:04:25,google_play
لا انصح به التطبيق رفع الاسعار فجأه رحلتي كانت أجرتها 3دنانير في الصباح ورجعت من الرحله المساء ب 7 دنانير واليوم الجمعه والشوارع فاضيه هل يعقل هذا من خلدا دوار السكر إلى المصدار 7 دنانير الاجره,1,negative,Careem,2026-01-02 17:58:38,google_play
لا يعمل هذا التطبيق بشكل افضل ولا يرسل كود خصم 50 في المئه,1,negative,Careem,2026-01-02 12:26:19,google_play
مافي سلاسه لو ابي ارجع المبلغ من المحفظه بكريم ل حسابي البنكى مو معقول,1,negative,Careem,2026-01-02 11:21:44,google_play
جيد جدآ,5,positive,Careem,2026-01-01 19:56:52,google_play
طلب طلب وكنسلت الطلب ورفضوا استرداد المبلغ,1,negative,Careem,2026-01-01 19:39:03,google_play
لماذا لم يتم تفعيل حسابي,1,negative,Careem,2026-01-01 15:44:48,google_play
نسيت التليفون بتاعة فى رحله وعملت شكوى وقالولى الشكوه اتحلت ومحدش تواصل معايا والكابتن قافل التليفون مش عارف اتواصل معاه,1,negative,Careem,2026-01-01 15:12:57,google_play
اشكر اجراءاتكم من قبل قسم السلامة والطواىء بصدد الشكوى المقدمة من قبلي للأتصال المستمر اثناء الرحلة الى مول المنصور مع الكابتن طارق,5,positive,Careem,2026-01-01 13:52:59,google_play
ممتاز والله التطبيقات هذي نعمه كانت مشاويري وتقد ساعه بالشارع تنتظر سياره وتكاسره بالسعر الي كنت أخذه ب٥٠ الحين ب١٨ ريال وسيارات نضيفه وفخمه وأمان,5,positive,Careem,2026-01-01 13:25:45,google_play
تطبيق سيئ جدا والسائقين حراميه وخدمه عملاء زي الزفت انا طلبت مشوار لي زوجتي والسائق خد منها 400جنيه وقلها هضفلك الباقي علي المحفظه وسبها ومشي ولا حول ولا نيل وتكلم خدمه العملاء يسبولك الرد الالي وحاجه اخر قرف ولا بيردو ولا بيهتمو اقسم بالله اسوء تجربه في حياتي ولا انصح باستخدامها,1,negative,Careem,2026-01-01 04:16:05,google_play
بصراحة اروع واريح تطبيق بطلب منه حذفت تطبيق طلبات وتم اعتماد تطبيق كريم فقط,5,positive,Careem,2026-01-01 00:50:25,google_play
سيئه اسوء مم كانت,1,negative,Careem,2025-12-31 22:11:16,google_play
ساءق تاكسي ناجح,5,positive,Careem,2025-12-31 20:23:33,google_play
راقي جدا,5,positive,Careem,2025-12-31 17:41:39,google_play
افضل من تطبيق بلي بمراحل شكرا كريم,5,positive,Careem,2025-12-31 07:33:33,google_play
جيدة جدا,5,positive,Careem,2025-12-30 22:45:55,google_play
كيف اكون كابتن بكريم سويت كل شي وقعت فوق الشهر ومحد رد علي ولا قبلوني شنو السبب لوسمحتو فيدوني,1,negative,Careem,2025-12-30 22:10:04,google_play
تطبيق ناجح,5,positive,Careem,2025-12-30 16:05:11,google_play
تطبيق رائع استخدمه في اربيل,5,positive,Careem,2025-12-30 14:55:45,google_play
على مستوى العالم تطبيق جيد👍,5,positive,Careem,2025-12-30 12:42:17,google_play
اسواء تطبيق خربان و محد يقبل بل رحلة اذا قليلا و الرحلا ما تسوا 10 ريال و اخر شي محد يقبل حتا لو حطيتو 15,1,negative,Careem,2025-12-30 10:32:18,google_play
طلابات أفضل يوجد زيادات غير مبررة في كل طلب,1,negative,Careem,2025-12-29 21:01:29,google_play
السائق لا يلتزم بالاسعار المحددة,1,negative,Careem,2025-12-29 20:16:13,google_play
ممتازه ودقيقه ليس عليها اي ملاحظات,5,positive,Careem,2025-12-29 10:57:13,google_play
تكسي كريم دائما سباق في تحديثاته والتنوع المستمر في فئات التكسي هو ديدنكم ويبقى هو الافضل بفضل كباتنه الرائعين وهو تطببق متكامل,5,positive,Careem,2025-12-29 10:32:49,google_play
رحلة ممتازة ومريحة,5,positive,Careem,2025-12-29 02:56:59,google_play
برنامج رائع,5,positive,Careem,2025-12-28 17:33:29,google_play
شكرأ,5,positive,Careem,2025-12-28 14:10:50,google_play
كم تعطيه نجمه انا ☆☆☆☆☆☆ وأكثر من كذا بعد صدق وأمانه (جميع الحقوق محفوظه...الخ),5,positive,Careem,2025-12-28 10:24:19,google_play
مع الأسف التطبيق في تراجع بسبب توظيف سائقين اقل مايقال عنهم محتالين ونصاببن,1,negative,Careem,2025-12-28 00:58:09,google_play
دائما اسعار مبالغ فيها لاتوجد برامج جديدة او خطط اسعار مبتكرة,1,negative,Careem,2025-12-27 13:19:22,google_play
",👍",5,positive,Careem,2025-12-27 11:35:30,google_play
حظر حسابي فقط لاني دخلت من رقمين لان احد الارقام مفصول وكان يوجد لدي مال بالمحفظه عند التواصل معهم السبب اني الدخول من رقمين اساءه استخدام تطبيق غريب ولا انصح به,1,negative,Careem,2025-12-27 11:23:03,google_play
شركه رائعه وتحترم الزبون والكابتن مو مثل بلي,5,positive,Careem,2025-12-27 09:37:07,google_play
على اخوتنا المصريين جت الحزينة تفرح، مالقتلهاش مطرح يعني اشرد من بلي كريم يخليك تتقبل خيسة بلي لان شي مرات رخيص فمتتوقع منه خير بس كريم وكريم الكابتنية يتقصدون التأخير لو يتخذ مسار ابعد حتى ادفع اجرة اكثر او يمشي بهداوة ... على گولة ابو وسام النتيجة ادفع مرات قرابة الضعف! لا وفوقها الكابتن قبل لا يوصل يجيني اشعار الكابتن بانتظارك! طيب شلون وهو الشارع كله مداخله؟! بعد... مرات الكابتن يختل بزوية حتى ما اشوفه واگعد ادور عليه اللي هو كله وقت؟ وعلي... وبالاخير... رقم شكاوى ما عندهم ضمن التطبيق!,1,negative,Careem,2025-12-26 02:37:59,google_play
مش راضي يسجل دخول,1,negative,Careem,2025-12-26 01:27:26,google_play
جيد جدأ الول ستخدامي,5,positive,Careem,2025-12-26 00:11:06,google_play
كباتن جدا سيء وتعامل الدعم اسوء,1,negative,Careem,2025-12-25 23:03:11,google_play
نوعا ما جيد,5,positive,Careem,2025-12-25 21:20:31,google_play
انا كنت بحب هذا التطبيق كتييير ومااطلب سيارة غير منه فجأة حطولي لا يمكن الدخول للحساب وجربت من رقمي الثاني نفس المشكلة حاولت ابعت رسالة ومازبط ياريت تفيدوني,3,neutral,Careem,2025-12-25 20:53:04,google_play
تطبيق ممتاز,5,positive,Careem,2025-12-25 19:42:12,google_play
يظهر في التطبيق سعر وبعد التوصيل يظهر المبلغ مدبل. لو ظهر لي من أول المبلغ كنت غيرت الي تطبيق اخر غير كريم مثل بولت او جيني بدل السعر المبالغ فيه. لا انصح بتحميل كريم.,1,negative,Careem,2025-12-25 16:55:47,google_play
ماكو خصومات والاجرة تزداد اذا السايق غير الطريق او ازدحام,1,negative,Careem,2025-12-25 13:40:18,google_play
التطبيق حجب حسابي ويضع علي دفعة والسبب أنني الغيت رحلة لم تتطابق فيها معلومات كابتن كريم عند وقوله كان كابتن آخر .. وفرضوا علي رسوم 4.48 ريال.. والآن أنا لا أستطيع طلب الرحلات على الرغم أني من فئات الـ vip ومازلت أحاول طلب الرحلات ولاتكتمل وعلى الرغم أني أراسلهم بهذا الأمر واطلب منهم رفع الرسوم الموضوعه افتراءا وزورا ،، مع الأسف أضطررت استخدام برنامج آخر للتوصيل وحسبنا الله ونعم الوكيل ..,1,negative,Careem,2025-12-25 08:02:53,google_play
يجنن,5,positive,Careem,2025-12-25 03:09:30,google_play
برنامج حلو جدا,5,positive,Talabat,2026-03-14 14:54:31,google_play
التوصيل سريع جدا وانصح وانصح كل الناس تنزيله,5,positive,Talabat,2026-03-14 14:40:04,google_play
تطبيق مميز,5,positive,Talabat,2026-03-14 13:33:39,google_play
رائع جدآ مرحبا بك,5,positive,Talabat,2026-03-14 12:39:47,google_play
برنامج وسخ,1,negative,Talabat,2026-03-14 06:35:10,google_play
احسن تجربه ربنا يزيدكم من فضله,5,positive,Talabat,2026-03-14 02:01:09,google_play
برنامج جميل ويساعد كلشي تلكاه هنا,5,positive,Talabat,2026-03-14 01:42:58,google_play
متز,5,positive,Talabat,2026-03-14 00:58:41,google_play
perfect,5,positive,Talabat,2026-03-14 00:31:41,google_play
تطبيق جيد استمتع معكم دائما طلبات لافضل في خدمت التوصيل وحسن سلوك السائق 🏅⭐⭐⭐,5,positive,Talabat,2026-03-14 00:00:25,google_play
ممتاز لكن مشكلتي التعامل مع منتجات المقاطعة,4,positive,Talabat,2026-03-13 23:31:32,google_play
أحسن توصيل سريع,5,positive,Talabat,2026-03-13 22:44:47,google_play
تحفيتو,5,positive,Talabat,2026-03-13 22:35:55,google_play
وحش اوي,1,negative,Talabat,2026-03-13 22:05:12,google_play
خدمه ممتازه,5,positive,Talabat,2026-03-13 21:05:32,google_play
نار,5,positive,Talabat,2026-03-13 20:46:08,google_play
السرعة 😁,5,positive,Talabat,2026-03-13 19:55:21,google_play
ممتاز بصراحه,5,positive,Talabat,2026-03-13 19:16:20,google_play
ناس محترمه,5,positive,Talabat,2026-03-13 18:54:41,google_play
رائع جدا بيوصل الطلبات بسرعه ومتاح عليه كل شيء وعلي خصومات رائعه,5,positive,Talabat,2026-03-13 18:47:03,google_play
حلو,5,positive,Talabat,2026-03-13 18:42:14,google_play
سرررريع وتحفففه,5,positive,Talabat,2026-03-13 17:04:35,google_play
لماذا لاأستطيع التواصل مع أحدمن خدمة العملاء؟!!! أليس لديكم خدمة عملاء؟!!,1,negative,Talabat,2026-03-13 16:55:56,google_play
تطبيق سيء جدا عندما وصلني الطلب قبل الافطار كانت الشاورما غير طازجه وتم تصويرها والاعتراض عليه الا ان شركه طلبات لم ترجع قيمه الطلب علما تم رمي الطلب في القمامه,1,negative,Talabat,2026-03-13 16:21:11,google_play
تطبيق فاشل ومادي غلاء اسعار فاحش وخدمه سيئه جدا,1,negative,Talabat,2026-03-13 16:00:13,google_play
ما برضى يحط الموقع ابدا,3,neutral,Talabat,2026-03-13 15:53:01,google_play
وحش جد فتره واقفل ومش شغل ومش عايز يطلب وكل مطلب يجلي 30دقيقه واطلب تاني احول مش ردي,1,negative,Talabat,2026-03-13 14:11:57,google_play
تجربة رائعة واتقان متميز,5,positive,Talabat,2026-03-13 12:56:14,google_play
تجربه سئ جدا اطلب ماركت و حسبت ع كل حاجه وجاتلي حاجه تلف و باعت لخدمة العملاء قفلو الموضوع من نفسهم ولا استرجعو ليا الفلوس بتاعتي انا لا أنصح بي ابلكيشن طلبات بصراحه سئ حسبا الله فيكم 🚫,1,negative,Talabat,2026-03-13 10:05:03,google_play
أسوء تطبيق ممكن تتعامل معاه وعن تجربه تطلب الاكل وتعطى ملاحظه معينه لا تنفذ ويجليلك اوردر خاطئ تيجى تشتكى لا يوجد خدمة عملاء حرفيا لانه بيطلب منك رفع صوره للمنتج الخاطئ تلاقى التطبيق لا يحمل الصوره ولايوجد وسيله تليفونيه تكلمهم بها وتبقى لبست الاوردر الخطأ وفلوس المنتج كمان نصيحه لا تتعاملوا معه وفعلا انا هقدم شكوى فى خدمة المستهلك,1,negative,Talabat,2026-03-13 03:55:04,google_play
يجننن,5,positive,Talabat,2026-03-13 03:50:13,google_play
تطبيق منقذ,5,positive,Talabat,2026-03-13 03:25:11,google_play
👍👍,5,positive,Talabat,2026-03-13 02:09:23,google_play
جيدد,5,positive,Talabat,2026-03-13 01:46:06,google_play
من اطلب يكول تحقق من رقم ادوس يكول تعال لاحقا,1,negative,Talabat,2026-03-13 01:37:50,google_play
برنامج ممتاز,5,positive,Talabat,2026-03-13 01:36:28,google_play
برنامج ممتاز 👌,5,positive,Talabat,2026-03-13 01:20:34,google_play
التطبيق رائع جدا شكرا لكم على هذه الخدمة الجميلة,5,positive,Talabat,2026-03-13 00:47:04,google_play
انصح به,5,positive,Talabat,2026-03-13 00:40:34,google_play
طلبات رقم واحد,5,positive,Talabat,2026-03-13 00:29:13,google_play
فخم,5,positive,Talabat,2026-03-13 00:23:35,google_play
ممتاااااز,5,positive,Talabat,2026-03-13 00:04:36,google_play
تجربه سئه جدا والتوصيل سي جدا,1,negative,Talabat,2026-03-12 23:00:55,google_play
قوييييبب,5,positive,Talabat,2026-03-12 22:23:29,google_play
جميل جداً جداً جداً جداً حقيقي ممتاز بجد موفر عليا كل مشاويري,5,positive,Talabat,2026-03-12 21:57:57,google_play
يجب مراجعة اسعار التوصيل والخدمة لأنها اغلي سعر من كل الابلكيشن في مصر,2,negative,Talabat,2026-03-12 21:33:19,google_play
أفضل برنامج توصيل شوفتو بيوصل الكل في ثنيه,5,positive,Talabat,2026-03-12 21:15:30,google_play
مصري وعشت ب اكثر من دوله عربيه واعرف تطبيقات التوصيل ف طلبات العراق الأفضل داخل العراق ومن الأفضل ب الوطن العربي شكرا ل كل سأئق عراقي موظف ب هذه الشركه كل الحب والاحترم ليهم,5,positive,Talabat,2026-03-12 20:44:42,google_play
افضب تطبيق توصيل👍🏽,5,positive,Talabat,2026-03-12 18:31:36,google_play
انه افضل موقع لاكنه بطيء في التوصيل,3,neutral,Talabat,2026-03-12 18:04:33,google_play
واو عنجد ممتاز,5,positive,Talabat,2026-03-12 17:16:40,google_play
تطبيق ممتاز ورائع,5,positive,Talabat,2026-03-12 15:49:09,google_play
زي الفل,5,positive,Talabat,2026-03-12 14:48:46,google_play
كنت اضفت تعليق وتقييم بخمس نجوم سابقا وهو بالفعل يستحق النجوم الا انني عدلته لأن التطبيق ينقصه شيء مهم جدا جدا جدا وهو خدمه عملاء مباشره ترد وتحل المشكله الفوريه في لحظتها لا الاكتفاء بردود إليه مكتوبه فقط وفين وفين لو عرفت توصل لبني آدم يرد عليك المفروض أن يبقى فيه في أعلى التطبيق نمره اتصال لحل المشاكل فورا نمره خط ساخن احتراما للعملاء شكوى من جوده اي خطأ ما عماله احدث التطبيق مش موجود رجاء اهتمام أكثر بالعملاء,3,neutral,Talabat,2026-03-12 14:35:01,google_play
متجر ممتاز في كل اللي محتاج,5,positive,Talabat,2026-03-12 14:17:58,google_play
😊,4,positive,Talabat,2026-03-12 14:13:24,google_play
احبه,5,positive,Talabat,2026-03-12 06:16:33,google_play
زباله جدا بيطلبوا رقم البطاقه وحاجه زباله,1,negative,Talabat,2026-03-12 05:14:55,google_play
بسهل عليك كتير ممتاز,5,positive,Talabat,2026-03-12 04:33:10,google_play
لابأس انها شركه جميله,3,neutral,Talabat,2026-03-12 03:40:47,google_play
OK,5,positive,Talabat,2026-03-12 02:46:19,google_play
برنامج جميل جدا ويسهل كل الطلبات,5,positive,Talabat,2026-03-12 02:29:46,google_play
احسن تطبيق لتوصيل الطلبات ❤️❤️,5,positive,Talabat,2026-03-12 01:11:48,google_play
🙂في اكل🙃,5,positive,Talabat,2026-03-12 01:00:47,google_play
خدمة و سياسة سيئة جدا جدا اول طلب لي وصل الطلب ناقص و كنت قد دفعت المبلغ تواصلت معهم لأجل يوصلو الطلب الذي نقص فقامو بإعطائي قيمة الطلب الى المحفظة لكي اطلب من جديد برسوم جديدة و لكن الطلب لا يمكن ان يتم لأن المبلغ اقل من الحد الادنى للطلبات ولا يغطي تكاليف التوصيل و تكاليف الخدمة يعني بالمختصر حركة من حركاتهم من اجل يسرقو بالراااحة,1,negative,Talabat,2026-03-12 00:38:50,google_play
شكرا لكم,5,positive,Talabat,2026-03-11 22:47:51,google_play
الاسعار غالية,2,negative,Talabat,2026-03-11 22:35:45,google_play
خصومات اقل من المطعم وتوصيل رخيص,5,positive,Talabat,2026-03-11 21:16:10,google_play
فنان وسريع,5,positive,Talabat,2026-03-11 20:43:34,google_play
احسن تطبيق بجد تحفهههه جربو وفي عروض كويس جداً 😍😍😍,5,positive,Talabat,2026-03-11 19:18:53,google_play
لا أستطيع تنفيذ طلبي ارجو الحل,1,negative,Talabat,2026-03-11 17:48:18,google_play
ممتازه في حل حاجه,5,positive,Talabat,2026-03-11 17:33:40,google_play
رائع بعتمد عليه دايما اسهل واسرع وخدمة محترمة,5,positive,Talabat,2026-03-11 16:57:36,google_play
مافي كول سنتر,1,negative,Talabat,2026-03-11 16:22:33,google_play
ممتازه 😍😍😍,5,positive,Talabat,2026-03-11 15:18:49,google_play
تطبيق جميل بس رجاء لازم بسرعة تخلون جميع المطاعم,5,positive,Talabat,2026-03-11 15:15:23,google_play
جداً ممتاز,5,positive,Talabat,2026-03-11 15:03:08,google_play
التطبيق سيء يرفض تسجيل رقمي ولا استطيع الطلب وتكررت الحاله مرات عديده,1,negative,Talabat,2026-03-11 13:12:06,google_play
ما بستاهل ولا نجمة خدمة سيئة جدا,1,negative,Talabat,2026-03-11 13:11:14,google_play
مرتب,5,positive,Talabat,2026-03-11 11:23:26,google_play
احسن تطبيق بس فيه مشكله الخصومات ال لي أصحاب البطاقه الخصم المحلي و انا ادفع نقدا اتمن تسوي لي النقدا,5,positive,Talabat,2026-03-11 10:55:14,google_play
جيد جداآ,5,positive,Talabat,2026-03-11 05:42:12,google_play
كل ما بدي اطلب يطلعلي انه ما في مطاعم قريبه مع انه المطاعم بعيده عندي أكثرها 12 كيلو بس و في تطبيقات ثانيه بتوصل و عادي,2,negative,Talabat,2026-03-11 05:20:59,google_play
تطبق فاشل والموظفين بهذا التطبيق أيضا فاشلين,1,negative,Talabat,2026-03-11 05:19:01,google_play
طعام جميل جدا,3,neutral,Talabat,2026-03-11 04:44:03,google_play
ممتعه🥹,5,positive,Talabat,2026-03-11 04:14:36,google_play
ممتازة ك العاده,5,positive,Talabat,2026-03-11 03:44:10,google_play
everything as I wish and more,5,positive,Talabat,2026-03-11 03:08:47,google_play
برنامج جدا ممتاز. ولديه قسائم خصم,5,positive,Talabat,2026-03-11 02:56:10,google_play
منتاز,5,positive,Talabat,2026-03-11 02:51:30,google_play
والله فول,5,positive,Talabat,2026-03-11 02:30:07,google_play
ماكو كود خصمم,1,negative,Talabat,2026-03-11 02:13:06,google_play
جمال تطبيق توصيل,5,positive,Talabat,2026-03-11 01:18:54,google_play
كلش حلو بس اكو بعض المطاعم ما موجوده مثل 360 وغيرها,5,positive,Talabat,2026-03-11 01:04:52,google_play
خرافي بس التوصيل امراتان مبالغ فيه,5,positive,Talabat,2026-03-11 01:03:45,google_play
واو,5,positive,Talabat,2026-03-10 22:59:55,google_play
ممتاز جدا هذا التطبيق بالتوفيق لجميع من يعمل على هذا التطبيق,5,positive,Talabat,2026-03-10 21:59:01,google_play
تطبيق سهل وأمن وسريع شكرا طلبات,5,positive,Talabat,2026-03-10 21:44:16,google_play
ماانصح للتنزيل اول شي مافي رقم تواصل وثاني شي يخصمو مبالغ بغلط ومايرجع وثالث شي نظام برو تشترك ولو بغلط وتريد تلغي مايلغي ويخصم كل شهر مبلغ وتبلغ خدمة عملاء لكن يعطوك كلام وتصدق وحتى تلغي برنامج وبعده يخصم,1,negative,Talabat,2026-03-10 21:27:51,google_play
خرافي,5,positive,Talabat,2026-03-10 19:16:12,google_play
bravo 🤍🤍🤍,5,positive,Talabat,2026-03-10 18:44:04,google_play
اكثر المناديب نصابه واسعارهم غاليه جدااااااااااا,1,negative,Talabat,2026-03-10 18:40:07,google_play
كان عرض رائع,4,positive,Talabat,2026-03-10 18:37:16,google_play
رائع كثير,5,positive,Talabat,2026-03-10 18:06:37,google_play
اكثر من رائع التوصيل سريع جدا المنتجات مظبوطة بصراحة جميل جداً,5,positive,Talabat,2026-03-10 17:37:01,google_play
ربنا يبركلك,5,positive,Talabat,2026-03-10 15:46:23,google_play
ممتازين جدا جدا,5,positive,Talabat,2026-03-10 15:45:43,google_play
هما حلوين ....بس غالين في التوصيل ...ومصاريف الخدمه .... وكمان والساندويتش مثلا تكلفته مثلا 30 جنيه ما ينفعش عندهم انت مجبور انك تزود,4,positive,Talabat,2026-03-10 14:42:40,google_play
باختصار ممتاز,5,positive,Talabat,2026-03-10 13:04:55,google_play
تجربة سيئة مع تطبيق طلبات. تم طلب منتج موصوف على أنه زبدة صفراء خالية من الكوليسترول، لكن الذي وصل سمن نباتي صناعي. قدمت شكوى لكن تم رفضها رغم أن الوصف مضلل. للأسف لا توجد سياسة واضحة لتصحيح الأخطاء أو تعويض العميل، ولذلك لن أتعامل مع التطبيق مرة أخرى ولن أرشحه لأحد.,1,negative,Talabat,2026-03-10 12:43:44,google_play
اذا صارة معاك مشكله او تأخير ماتعرف تشتكي عند منوه ولا في أرقام تقدر تتواصل مع الكول سنتر للأسف,1,negative,Talabat,2026-03-10 04:40:20,google_play
تطبيق رائع جدا و موفر الرصيد و الانترنت و فلوس و راحه بجد روعه,5,positive,Talabat,2026-03-10 03:30:57,google_play
واحد عراق بكلشي زينين,5,positive,Talabat,2026-03-10 03:11:33,google_play
تطبيق طلبات احسن تطبيق ممكن تطلب منة وسريع,5,positive,Talabat,2026-03-10 03:04:40,google_play
تحفه بجد,5,positive,Talabat,2026-03-10 01:15:10,google_play
تجربة اسوا من سيئة لا يوجد اي قدرة على حل المشاكل,1,negative,Talabat,2026-03-10 01:01:52,google_play
البرنامج سيئ جداا وتعامل ابد موتمام,1,negative,Talabat,2026-03-10 00:24:13,google_play
افضل تطبيق ربنا يوفقكم بس نحتاج عروض حصريه,5,positive,Talabat,2026-03-10 00:07:10,google_play
عملتولي بلوك بدون اي سبب ومافي اي طريقة لتواصل معكم ...خدمة سيئه,1,negative,Talabat,2026-03-09 23:47:18,google_play
اوسخ تجربة في حياتي سرقه علني ونصب,1,negative,Talabat,2026-03-09 23:30:13,google_play
يسهل علي الطلبات,5,positive,Talabat,2026-03-09 22:27:07,google_play
ممتاز جدا ودليفرى محترم,5,positive,Talabat,2026-03-09 19:20:24,google_play
ممتازين,5,positive,Talabat,2026-03-09 19:02:58,google_play
شكراً شكراً,5,positive,Talabat,2026-03-09 18:52:42,google_play
رائع جداً جداً,5,positive,Talabat,2026-03-09 18:47:18,google_play
حلو جدا,4,positive,Talabat,2026-03-09 18:38:19,google_play
حلوة ومتنوعة,4,positive,Talabat,2026-03-09 17:41:30,google_play
روعة البرنامج,5,positive,Talabat,2026-03-09 17:31:21,google_play
ممتاز احلي برنامج,5,positive,Talabat,2026-03-09 17:21:17,google_play
لا يمكن اضافه القسيمه ولا يوجد خدمه عملاء تطبيق سىء,1,negative,Talabat,2026-03-09 17:05:57,google_play
مملتز,5,positive,Talabat,2026-03-09 14:15:29,google_play
شركة نصابة,1,negative,Talabat,2026-03-09 07:18:16,google_play
، ❤️,5,positive,Talabat,2026-03-09 06:09:02,google_play
سيييء جدا للغايه ألي حق 3 ثلاث اوردرات نصب اتنين منهم على أساس ترجع فلوسي للحساب وما رجعت ووحده منهم طلبت دجاجتين و صلني دجاجه ومحاسب حق دجاجتين وشكرا,1,negative,Talabat,2026-03-09 05:40:56,google_play
الخدمه كويسه جدا والطلب بيوصل بسهول وفي احترام من خدمة العملاء,5,positive,Talabat,2026-03-09 03:53:13,google_play
👍 جيد,5,positive,Talabat,2026-03-09 02:56:43,google_play
جيد ولاكن اسعار المطاعم مرتفعة مقارنة مع الكمية,4,positive,Talabat,2026-03-09 02:45:37,google_play
الأسعار مبالغ فيها باضعاف,1,negative,Talabat,2026-03-09 02:32:05,google_play
ممتاز جداً,5,positive,Talabat,2026-03-09 01:34:48,google_play
خايس المطعم,5,positive,Talabat,2026-03-09 00:28:25,google_play
☠☠☠☠,4,positive,Talabat,2026-03-08 23:44:08,google_play
ارجوكم كملو توصيل ل أحياء العبور الجديدة محتجينكم جدا هناك,5,positive,Talabat,2026-03-08 22:52:30,google_play
متازة,5,positive,Talabat,2026-03-08 22:28:19,google_play
جميل جداً,5,positive,Talabat,2026-03-08 21:19:21,google_play
تجربه سىء للغايه تقريبا لم ابداء اصلا جيت اطلب مش راضى ياجى طلب مع ان كل حاجه تمام مش راضى يضيف رقم التلفون ومشكله ف كل حاجه,1,negative,Talabat,2026-03-08 21:17:36,google_play
جيد جداً وربي تموت عال العال,5,positive,Talabat,2026-03-08 20:13:14,google_play
نصابين جدا و لو جابولك الاوردر غلط مبيرجعوش حاجه,1,negative,Talabat,2026-03-08 19:01:22,google_play
تعامل ممتاز وسريع,5,positive,Talabat,2026-03-08 18:47:42,google_play
تجربة ممتازة,5,positive,Talabat,2026-03-08 18:32:41,google_play
رائع تطبيق منظم,5,positive,Talabat,2026-03-08 17:26:05,google_play
كثره المناطق المحظوره,2,negative,Talabat,2026-03-08 17:09:02,google_play
مو مبين الزيت التونسي عليه ولا المؤسسة في المتاجر,1,negative,Talabat,2026-03-08 16:58:53,google_play
تجربة مراح تخيب ظنك . افضل العروض وبخدمة ممتازة . الله يفتحه بوجهكم ويفرحكم مثل ما تفرحونة . تحياتي وسلامي للجميع,5,positive,Talabat,2026-03-08 16:36:06,google_play
خدمه جيده,5,positive,Talabat,2026-03-08 16:22:57,google_play
كنتو عاملين خاصيه تغير الوقت حاليا لغيتو هذي الخاصيه عشان لمه تطلب أوردر احدد الوقت مثلا عايز الاوردر قبل الفطار مش اطلب يجيني العصر او الظهر اعمل فيه ايه,2,negative,Talabat,2026-03-08 15:50:02,google_play
مشاء الله ممتاز جدا الاسعار ارخص من بره وكل حاجه حلوه جدا ❤️❤️❤️❤️❤️,5,positive,Talabat,2026-03-08 15:22:14,google_play
اسطورييييييييي جدا خاصتاً الزنجر,1,negative,Talabat,2026-03-08 14:59:01,google_play
رائعة جدا,5,positive,Talabat,2026-03-08 14:57:04,google_play
روووعه,5,positive,Talabat,2026-03-08 14:51:42,google_play
هذا البرنامج رائع 🤩للغايه وجميل ويستحق اكتر من خمس نجوم ❤❤❤,5,positive,Talabat,2026-03-08 07:48:18,google_play
جيد جدا والله,5,positive,Talabat,2026-03-08 04:31:49,google_play
اشي بخزي,1,negative,Talabat,2026-03-08 03:50:52,google_play
ممتازاة,5,positive,Talabat,2026-03-08 03:48:22,google_play
الابليكيشن بقاله يومين سئ جدا مش بيظهر بعض المطاعم ده غير ان فى محلات كتير بتبقى مقفول او مشغول,1,negative,Talabat,2026-03-08 03:23:48,google_play
فووول,5,positive,Talabat,2026-03-08 03:00:58,google_play
خدمه رائعه ومميزه,5,positive,Talabat,2026-03-08 02:50:27,google_play
تعامل ممتاز,5,positive,Talabat,2026-03-08 01:08:53,google_play
اسعر غالية بصراحا مع اني احب هذا التطبيق,1,negative,Talabat,2026-03-08 00:55:44,google_play
نااااااار,5,positive,Talabat,2026-03-07 23:29:27,google_play
التطبيق جدا جدا ممتاز,5,positive,Talabat,2026-03-07 23:28:42,google_play
بقالي ٧ ايام بحاول اطلب من عرض خصم ١٠٠ على الطلب وكل لما اطلب يجيبلي اني احاول بعد نص ساعه وجربت في كل الأوقات والطلب مبيتعملش وجربت اطلب من غير العرض مش راضي برضو,1,negative,Talabat,2026-03-07 23:05:10,google_play
سهل وسريع 👍,5,positive,Talabat,2026-03-07 21:44:40,google_play
لا بأس فيه! هيا للتوصيلات. 🇦🇪 🍁 🌙🏮 🌿 ❣️ 🚚,5,positive,Talabat,2026-03-07 21:23:32,google_play
جميل جدأ,5,positive,Talabat,2026-03-07 21:09:23,google_play
جيد جدا ..... ممتاز 🤩,5,positive,Talabat,2026-03-07 20:56:50,google_play
هناك استغلال برسوم التوصيل,3,neutral,Talabat,2026-03-07 20:54:13,google_play
thanks so much,5,positive,Talabat,2026-03-07 20:35:43,google_play
جميل جداً سهل على البعض الحياة,5,positive,Talabat,2026-03-07 20:33:14,google_play
اشي على,1,negative,Talabat,2026-03-07 20:16:16,google_play
رائعين,5,positive,Talabat,2026-03-07 18:47:49,google_play
بعض المطاعم رائعة وكتير من المطاعم اكلهم مبيتكلش وحصلي كتير مشاكل مع المطاعم صراحة تجارب سيئ بس طلبات مرت بطلب دلوقتي,2,negative,Talabat,2026-03-07 18:33:44,google_play
ماشاء الله تبارك الرحمن اشي فاخر من الأخر,5,positive,Talabat,2026-03-07 17:44:43,google_play
انهو لا ينفذ,1,negative,Talabat,2026-03-07 17:23:23,google_play
خدمة رائع,5,positive,Talabat,2026-03-07 17:14:34,google_play
ططبيق سريع و ممتاز,5,positive,Talabat,2026-03-07 16:40:00,google_play
تعامل جيد وسرعة التسليم,5,positive,Talabat,2026-03-07 16:14:03,google_play
تطبيق بخزي,1,negative,Talabat,2026-03-07 15:23:00,google_play
غير عملي,1,negative,Talabat,2026-03-07 13:47:52,google_play
ممتاز جدا بجد حلو أوي يعتبرو المساعد الشخصي بتاعي,5,positive,Talabat,2026-03-07 13:09:45,google_play
عملت اشتراك برو بالغلط يخصم كل شهر ٥دولار وحاولت بكل الطرق الغيه وللأسف مفيش فايدة,1,negative,Talabat,2026-03-07 12:29:52,google_play
رائعين مبدعين,5,positive,Talabat,2026-03-07 11:57:16,google_play
وعرض ستي بجنن,5,positive,Talabat,2026-03-07 11:45:18,google_play
برنامج فاشل شغل علي بابا,1,negative,Talabat,2026-03-07 05:08:54,google_play
بس ضيفو منتجات جديده,4,positive,Talabat,2026-03-07 04:40:10,google_play
موثوق,5,positive,Talabat,2026-03-07 04:03:11,google_play
ممتاز كالعادة,5,positive,Talabat,2026-03-07 03:45:11,google_play
كل حاجه تمام,5,positive,Talabat,2026-03-07 03:12:41,google_play
جامد,5,positive,Talabat,2026-03-07 02:21:48,google_play
استغلال وفرق كبير فالأسعار عن طريق التطبيق والواقع، مهما كانت العوامل لكنها غير مبررة.,1,negative,Talabat,2026-03-07 01:27:06,google_play
تطبيق جميل وسريع,5,positive,Talabat,2026-03-07 00:52:41,google_play
تطبيق رائع مع توفير اكثر كل الدعم,5,positive,Talabat,2026-03-07 00:37:07,google_play
حلو وسريع وفيه كل الخدمات لاكن المشكلة سعر التوصيل شوي مبالغ فيه,5,positive,Talabat,2026-03-07 00:32:36,google_play
وحشه جدا,1,negative,Talabat,2026-03-07 00:30:43,google_play
بجد احلى ابلكيشن,5,positive,Talabat,2026-03-06 23:35:28,google_play
جيده,5,positive,Talabat,2026-03-06 23:19:57,google_play
تطبيق جميل,5,positive,Talabat,2026-03-06 22:42:42,google_play
واجد حلو,5,positive,Talabat,2026-03-06 22:41:49,google_play
روعة صراحة كتير منيح تعامل ممتاز مندوبين محترمين وتوصيلهم على الوقت,5,positive,Talabat,2026-03-06 21:22:01,google_play
التوب,5,positive,Talabat,2026-03-06 20:47:40,google_play
احسن مطعم,5,positive,Talabat,2026-03-06 20:24:33,google_play
رائع جدا بوفر وقت وجهد وتعب,5,positive,Talabat,2026-03-06 19:35:26,google_play
تطبيق يستحق التحميل,5,positive,Talabat,2026-03-06 18:06:48,google_play
زباله,1,negative,Talabat,2026-03-06 18:05:06,google_play
تطبيق ممتاز بي انواع الطعام وخصومات اغلب المطاعم,5,positive,Talabat,2026-03-06 17:54:01,google_play
عروض الفلاش كويسة جدا,4,positive,Talabat,2026-03-06 16:17:16,google_play
حلو جدا انصح بيه,5,positive,Talabat,2026-03-06 16:17:07,google_play
ممتاز جداا,5,positive,Talabat,2026-03-06 16:16:28,google_play
معقول,4,positive,Talabat,2026-03-06 15:21:40,google_play
راااااائعة,5,positive,Talabat,2026-03-06 15:09:49,google_play
بتخزو الي فوق ساعتين بحاول اشتري تنكة زيت زيتون ماني قادر فعلا تطبيق بخزي,1,negative,Talabat,2026-03-06 14:32:47,google_play
ممتاااااااااااااز,5,positive,Talabat,2026-03-06 14:26:39,google_play
تطبيق سيء جدا، وعقيم، وصعب التعامل معه، دايما معلق، دايما حدث خطأ ما، او يرجى المحاولة مرة اخرى,1,negative,Talabat,2026-03-06 13:07:28,google_play
جربت الطلب منكم تغليف جيد.توصيل مبكرا و لازم جميلة و طازجة شكرا لولو اتمنى ان تستمر هكذا,4,positive,Talabat,2026-03-06 12:29:50,google_play
يرفض جميع انواع الدفع لايقبل فيزا او ماسترد كارد تم حذف التطبيق و الاتجاه إلى تطبيق كريم,1,negative,Talabat,2026-03-06 12:25:45,google_play
سهل وسريع جدا فى كل حاجه بس فى مشكله واحده سعر الطلبات غاليه عليا جدا👌😍💥,5,positive,Talabat,2026-03-06 10:48:09,google_play
صعب علىى المستخدمين الجدد,5,positive,Talabat,2026-03-06 10:38:11,google_play
تطبيق جميل يساعدك في طلباتك إذا كنت محتار شو بدك توكل طلبات بحل مشكلتك,5,positive,Talabat,2026-03-06 03:22:07,google_play
جيد جدا جدا جدا,5,positive,Talabat,2026-03-06 03:10:08,google_play
الابلكيشن الأجمل في الوطن العربي ❤️😍,5,positive,Talabat,2026-03-06 02:46:55,google_play
تواصلت ويه الدعم وكان كلش محترمين بل التعامل وكان الرد جدن سريع,5,positive,Talabat,2026-03-06 01:07:02,google_play
ممتازة جدا,5,positive,Talabat,2026-03-05 23:13:22,google_play
❤️❤️,5,positive,Talabat,2026-03-05 23:11:50,google_play
أفضل تطبيق,5,positive,Talabat,2026-03-05 21:58:44,google_play
برنامج فاشل يعني ايه أطلب او در وقبل ما يعدي دقيقة واحدة معرفش ألغي الأوردر عشان أعدله وسياسة الالغاء المفروض البرنمج عاملها دقيقتين وكمان مفيش أرقام تواصل لخدمة العملاء ولا واتساب حتى,1,negative,Talabat,2026-03-05 21:10:40,google_play
الضريبه و رسوم الخدمه غاليين غير هيك افضل تطبيق,4,positive,Talabat,2026-03-05 20:31:04,google_play
خدمه ممتازه وتوصيل سريع وأسعار اوفر,5,positive,Talabat,2026-03-05 20:12:34,google_play
افضل برنامج,5,positive,Talabat,2026-03-05 18:21:47,google_play
روعة,5,positive,Talabat,2026-03-05 18:00:27,google_play
محترمين جدا,4,positive,Talabat,2026-03-05 17:43:08,google_play
بينزل القسيمه و يقول مشغولين لما نطلب بيها,1,negative,Talabat,2026-03-05 16:58:28,google_play
♥️♥️,4,positive,Talabat,2026-03-05 16:33:27,google_play
حلو ومفيد ✨❤,5,positive,Talabat,2026-03-05 16:27:19,google_play
😍😍😍😍😍,5,positive,Talabat,2026-03-05 16:04:56,google_play
من البرامج لطيفه في الاستخدام وكان الغرض من فريق العمل بالعمل علي تقديم خدمه احسن وارخص من حيث المنتجات المستهلكه بالنسبه للمواطن بأسعار في متناول اليد وارخص ما في السوق ولكن بسبب الإهمال ومحاول تكدس البرامج بأماكن غير مهمه وذلك تحقيق التقيم المطلوب بدون تقديم الخدمه ولكن المفترض بأن هذه البرامج هي فريق عمل يعمل علي توصيل وتأكد من توصلها بالأسعار المناسبه للحصول علي عروض اكثر او عمل فواتير مجانيه بسبب استخدام مناصه الالكترونيه لمثل هذا التطبيق,5,positive,Talabat,2026-03-05 14:21:57,google_play
برنامج حلو,5,positive,Talabat,2026-03-05 14:08:01,google_play
خير و بركه,5,positive,Talabat,2026-03-05 13:07:13,google_play
حرفيا رهيبببب في كل أنواع المطاعم,5,positive,Talabat,2026-03-05 06:40:20,google_play
صعب التعامل معه,1,negative,Talabat,2026-03-05 03:36:00,google_play
تحفه,5,positive,Talabat,2026-03-05 02:53:55,google_play
عملي واقتصادي ومريح,5,positive,Talabat,2026-03-05 02:31:07,google_play
ممتازه جدا,5,positive,Talabat,2026-03-05 01:36:16,google_play
هو أنا معي اكل,5,positive,Talabat,2026-03-05 00:30:39,google_play
أود أن أشارك تجربتي مع طلبات 🌟 بصراحة الموقع ممتاز وسهل الاستخدام والخدمة بشكل عام جيدة، لكن تواجهني مشكلة متكررة عند أي طلب من المؤسسة العسكرية بقيمة تزيد عن 50 دينار. في كل مرة لا يتم تسليمي الفاتورة مع الطلب، ويقوم سائق التوصيل بالتحجج بأسباب مختلفة. لا أعلم ما سبب عدم تسليم الفاتورة أو ما الهدف من إخفائها من قبل بعض سائقي التوصيل. أتمنى من إدارة طلبات توضيح هذا الأمر وضمان تسليم الفاتورة مع كل طلب، خاصة أن الفاتورة حق أساسي للعميل. شاكرين تعاونكم وحرصكم على تحسين الخدمة.,2,negative,Talabat,2026-03-04 22:18:35,google_play
تطبيق يحوي مندوبين حراميه ومتجاوزين ومعتدين ولايتوافر خدمة العملاء للرجوع إليها لاانصح به حفاظا ع ارواحكم,1,negative,Talabat,2026-03-04 22:09:45,google_play
تحفة و ال service ل مطعم كانسس كويسة جدا و أستاذ شريف مدير المطعم متعاون جدا,5,positive,Talabat,2026-03-04 22:03:55,google_play
للاسف اول ما حصل مشكله في حاجة معاهم ثبت لي انهم تطبيق غير مسئول يضعون شروط على هواهم في الاسترجاع ولا يهتمون بظروف العميل بالرغم من أن الخطأ من جهتم فقد طلبت منتج وتم تسليم لمنتج مختلف تماما فاشترط موظف الخدمة لاسترجاع أو استبدال المنتج المرسل بالخطأ ان يتم في وقت محدد ضيق جدا خلال يومين بالرغم من أنه لم يكن مناسب لي,1,negative,Talabat,2026-03-04 21:48:28,google_play
جميله ومريحه.. شكرا جميلا,4,positive,Talabat,2026-03-04 21:41:30,google_play
منصحش بتجربة التطبيق التطبيق مادي بطريقة مش طبيعية علشان تعرف انك بتتسرق اتواصل مباشر مع اي مطعم او سوبر ماركت خارج طلبات هتلاقي الاسعار اقل من طلبات بكتير خدمة العملاء اسواء خدمة,1,negative,Talabat,2026-03-04 21:20:35,google_play
اخدتولي من وئتي ساعة وما بعتتولي الكود,1,negative,Talabat,2026-03-04 20:13:40,google_play
ميستحق بصراحة ميقبل يوصل ألمنطقتي يگلي خارج منطقة التوصيل🗿💔,1,negative,Talabat,2026-03-04 19:50:48,google_play
تجربه كويسه,3,neutral,Talabat,2026-03-04 19:36:44,google_play
تطبيق ممتاز جدا و تطبيق رائع انصح بتجربته 🌸,5,positive,Talabat,2026-03-04 19:31:07,google_play
ماعدكم خصوم,3,neutral,Talabat,2026-03-04 18:50:17,google_play
احسن تطبيق من غير نقاش,5,positive,Talabat,2026-03-04 17:19:15,google_play
تجربه ممتازه,5,positive,Talabat,2026-03-04 15:13:33,google_play
بس مااعرفة افتحة,5,positive,Talabat,2026-03-04 13:09:19,google_play
توصيل سريع ممتازين جدا,5,positive,Talabat,2026-03-04 13:00:09,google_play
يجنن يهبل خيال,5,positive,Talabat,2026-03-04 12:54:31,google_play
وأجمه مشكلة وهي أنه يوجد الكثير من المطاعم التي ارغب في الشراء منها في نفس المحافظة التي اعيش فيها لكنها غير موجودة في التطبيق و هذا يزعجني جدآ,3,neutral,Talabat,2026-03-04 06:56:40,google_play
من افضل خدمات الطعام بيقدمها طلبات شابوه بجد,5,positive,Talabat,2026-03-04 05:04:32,google_play
راءع,5,positive,Talabat,2026-03-04 04:17:29,google_play
ما يجون على موصل قبه شيخان انا احب هذا البرنامج بس ما يجي علينا,1,negative,Talabat,2026-03-04 04:05:00,google_play
الخدمه ممتازه جداااا,5,positive,Talabat,2026-03-03 23:30:08,google_play
حراميه يزيدون الفين فرق عن المطاعم طيح الله حظكم حراميه,1,negative,Talabat,2026-03-03 23:26:08,google_play
ليه عند اضافة العنوان على الخريطه يقولى خارج منطقة التوصيل بالرغم من انى جربت فى كذا موقع,1,negative,Talabat,2026-03-03 23:23:48,google_play
ممتاز👏🏻,5,positive,Talabat,2026-03-03 21:55:32,google_play
nice,5,positive,Talabat,2026-03-03 21:52:05,google_play
لا يخدم منطقه سكني,1,negative,Talabat,2026-03-03 20:57:58,google_play
توصيل سريع,5,positive,Talabat,2026-03-03 19:20:24,google_play
تطبيق زباله ، بعد مانزلته يعطيني لايوجد توصيل لهذه المنطقة ،،،,1,negative,Talabat,2026-03-03 19:02:17,google_play
التواصل غالي بصراحه,1,negative,Talabat,2026-03-03 18:35:04,google_play
زيادة في الاسعار تتعدي ال ١٥ في الميا عن سعر المطعم او المكان,1,negative,Talabat,2026-03-03 15:28:51,google_play
احسن تطبيق في مصر,5,positive,Talabat,2026-03-03 15:20:58,google_play
مربح وموفر وفى كل المميزات وسرعه هيلا,5,positive,Talabat,2026-03-03 10:12:16,google_play
برنامج رايع جدا,5,positive,Talabat,2026-03-03 09:38:18,google_play
حلو ماشاء الله بيوصل بسرعه,5,positive,Talabat,2026-03-03 04:20:05,google_play
ممتناز,5,positive,Talabat,2026-03-03 02:15:30,google_play
توصيل سريع خدمة ممتازة,5,positive,Talabat,2026-03-03 01:39:45,google_play
جميل ولاكن رسوم الخدمه مرتفعه,4,positive,Talabat,2026-03-03 01:06:29,google_play
التطبيق سيء جدا تم تسجيل الفيزا الخاصه بي على التطبيق تم سحب مبلغ الاوردر ولم يتم تنفيذ الاوردر ولم يتم رد الاموال... جزئيه صعبه جدا في التعامل (مش عارف ايه الوصف للحاله دي) اضافه الى عدم احترافيه في التعامل لو في اقل من النجمه كنت كنت كتبتها احذر من تسجيل الفيزا على طلبات عن تجربه شخصيه,1,negative,Talabat,2026-03-03 00:34:54,google_play
👌👌,5,positive,Talabat,2026-03-03 00:10:15,google_play
الخطم سرسعنتفهق٨ققت٩بتبخق٨ققتخق٩بتقوقخبنفوفخلهفتفخلخفنفنب٨قتفتب٨قنتفخفهقنقخبهقتقخبهفنبخبخبنبنبخببنفن٩بقخ,5,positive,Talabat,2026-03-02 22:43:18,google_play
لي مفيش توصيل لدفرية ؟,2,negative,Talabat,2026-03-02 22:14:07,google_play
توحفهههه موووت😍,5,positive,Talabat,2026-03-02 22:07:22,google_play
انو جيد ويصل بسرعة,5,positive,Talabat,2026-03-02 21:42:05,google_play
روعه,5,positive,Talabat,2026-03-02 21:07:28,google_play
خدمة جميلة 🤩👍🏼,5,positive,Talabat,2026-03-02 21:00:54,google_play
فنان,5,positive,Talabat,2026-03-02 20:57:13,google_play
رهيب ويوصل بسرعه,5,positive,Talabat,2026-03-02 20:21:25,google_play
سشث٢,5,positive,Talabat,2026-03-02 17:59:08,google_play
سيئ جدا ولا يوجد توصيل لأقرب طريق عام حتى 😡😡,1,negative,Talabat,2026-03-02 17:31:02,google_play
very good 👍,5,positive,Talabat,2026-03-02 17:30:53,google_play
حلو اوووى وطعم اووى,5,positive,Talabat,2026-03-02 17:18:39,google_play
بجد البرنامج والخدمه حلوة جدا,5,positive,Talabat,2026-03-02 17:14:54,google_play
تطبيق ممتاز ♥️ اعجبني,5,positive,Talabat,2026-03-02 17:00:35,google_play
خدمه جميله,5,positive,Talabat,2026-03-02 14:59:45,google_play
سيء جدآ خدمة العملاء لا يهتمون في حل المشكلات ابدآ,1,negative,Talabat,2026-03-02 14:41:52,google_play
مفول,5,positive,Talabat,2026-03-02 13:02:57,google_play
تحميل تنزيل,5,positive,Talabat,2026-03-02 10:39:33,google_play
تجربة سيئة وغير صادقين بالمرة,1,negative,Talabat,2026-03-02 06:52:12,google_play
تجربة سيئه جدا وغير راضي,1,negative,Talabat,2026-03-02 05:19:48,google_play
تجربه رائعه,5,positive,Talabat,2026-03-02 03:34:08,google_play
برنامج جميل ومساعد بشكل كبير شكرا❤️🙏,5,positive,Talabat,2026-03-02 03:28:25,google_play
زى الفل,5,positive,Talabat,2026-03-02 03:25:46,google_play
احلي أبلكيشن للطلبات,5,positive,Talabat,2026-03-02 03:03:11,google_play
it's beautiful yes احسن تطبيق اكل انا بحبه في حياتي,5,positive,Talabat,2026-03-02 02:38:11,google_play
ص خ ته,2,negative,Talabat,2026-03-02 02:11:45,google_play
رائع جداً,5,positive,Talabat,2026-03-02 01:53:48,google_play
تطبيق جميل جدا بس لازم يكون الاسعار ارخص شويه,5,positive,Talabat,2026-03-02 01:51:23,google_play
يغلق مبكرا,1,negative,Talabat,2026-03-02 01:30:59,google_play
♥,5,positive,Talabat,2026-03-02 01:17:56,google_play
برنامج سيء جدا,1,negative,Emirates Airlines,2022-11-17 22:36:14,google_play
تجربة سيئة للغاية وتطبيق فاشل وغير منتج وغير مريح بالاستخدام ، أحاول فتح التطبيق بشتى الوسائل دون جدوى لا يتعرف على ايميلي المسجل ويعطي خطا بالايميل ولا يستبدل كلمة السر برد خطا بالبيانات مع العلم ان البيانات صحيحة تطبيق فاشل وليس له داعٍ,1,negative,Emirates Airlines,2021-12-10 13:32:35,google_play
بصراحة التطبيق محيّر،يقول لك تم تسجيلك بنجاح،ثم في مرات اخرى ،هل نسيت تسجيل الدخول بنفس كلمة السر… شككتونا في أنفسنا،لا نستطيع الاطلاع على حسابنا.,1,negative,Emirates Airlines,2019-03-29 00:57:53,google_play
زي الزفت برنامج غير مفيد أبدا خسارة فلوس فقط على البرنامج يعني من الاخير دزاين فقط يعني فالاجتماعات ترى نحن سوينا وسوينا لكن النتيجه ما في👎,1,negative,Emirates Airlines,2017-12-03 10:52:21,google_play
